{
	"credit": "Made with Blockbench",
	"texture_size": [32, 32],
	"textures": {
		"0": "item/big_punch",
		"particle": "item/big_punch"
	},
	"elements": [
		{
			"from": [5, 3, 11],
			"to": [11, 9, 17],
			"rotation": {"angle": 0, "axis": "y", "origin": [8, 6, 9]},
			"faces": {
				"north": {"uv": [0, 6, 1, 7], "texture": "#0"},
				"east": {"uv": [1, 6, 2, 7], "texture": "#0"},
				"south": {"uv": [2, 6, 3, 7], "texture": "#0"},
				"west": {"uv": [6, 2, 7, 3], "texture": "#0"},
				"up": {"uv": [4, 7, 3, 6], "texture": "#0"},
				"down": {"uv": [7, 3, 6, 4], "texture": "#0"}
			}
		},
		{
			"from": [4, 2, 5],
			"to": [12, 10, 13],
			"rotation": {"angle": 0, "axis": "y", "origin": [8, 6, 9]},
			"faces": {
				"north": {"uv": [4, 6, 5, 7], "texture": "#0"},
				"east": {"uv": [6, 4, 7, 5], "texture": "#0"},
				"south": {"uv": [5, 6, 6, 7], "texture": "#0"},
				"west": {"uv": [6, 6, 7, 7], "texture": "#0"},
				"up": {"uv": [1, 8, 0, 7], "texture": "#0"},
				"down": {"uv": [2, 7, 1, 8], "texture": "#0"}
			}
		},
		{
			"from": [5, 3, 3],
			"to": [11, 9, 9],
			"rotation": {"angle": 0, "axis": "y", "origin": [8, 6, 9]},
			"faces": {
				"north": {"uv": [2, 7, 3, 8], "texture": "#0"},
				"east": {"uv": [7, 2, 8, 3], "texture": "#0"},
				"south": {"uv": [3, 7, 4, 8], "texture": "#0"},
				"west": {"uv": [7, 3, 8, 4], "texture": "#0"},
				"up": {"uv": [5, 8, 4, 7], "texture": "#0"},
				"down": {"uv": [8, 4, 7, 5], "texture": "#0"}
			}
		},
		{
			"from": [7, 3.4, 2],
			"to": [11.5, 4.5, 4],
			"rotation": {"angle": 0, "axis": "y", "origin": [9, 3.95, 3]},
			"faces": {
				"north": {"uv": [3.5, 5, 5.75, 5.5], "texture": "#0"},
				"east": {"uv": [0, 5, 1, 5.5], "texture": "#0"},
				"south": {"uv": [0, 5.5, 2.25, 6], "texture": "#0"},
				"west": {"uv": [6, 5, 7, 5.5], "texture": "#0"},
				"up": {"uv": [3.25, 3.5, 1, 2.5], "texture": "#0"},
				"down": {"uv": [5.25, 0, 3, 1], "texture": "#0"}
			}
		},
		{
			"from": [7, 5, 2],
			"to": [11.5, 6.1, 4],
			"rotation": {"angle": 0, "axis": "y", "origin": [9, 5.55, 3]},
			"faces": {
				"north": {"uv": [5.5, 0, 7.75, 0.5], "texture": "#0"},
				"east": {"uv": [7, 5, 8, 5.5], "texture": "#0"},
				"south": {"uv": [5.5, 0.5, 7.75, 1], "texture": "#0"},
				"west": {"uv": [7, 6, 8, 6.5], "texture": "#0"},
				"up": {"uv": [5.25, 2, 3, 1], "texture": "#0"},
				"down": {"uv": [3.25, 3.5, 1, 4.5], "texture": "#0"}
			}
		},
		{
			"from": [7, 6.6, 2],
			"to": [11.5, 7.7, 4],
			"faces": {
				"north": {"uv": [5.5, 1, 7.75, 1.5], "texture": "#0"},
				"east": {"uv": [7, 6.5, 8, 7], "texture": "#0"},
				"south": {"uv": [5.5, 1.5, 7.75, 2], "texture": "#0"},
				"west": {"uv": [7, 7, 8, 7.5], "texture": "#0"},
				"up": {"uv": [5.75, 3, 3.5, 2], "texture": "#0"},
				"down": {"uv": [5.75, 3, 3.5, 4], "texture": "#0"}
			}
		},
		{
			"from": [7, 8.2, 2],
			"to": [11.5, 9.3, 4],
			"faces": {
				"north": {"uv": [2.5, 5.5, 4.75, 6], "texture": "#0"},
				"east": {"uv": [7.5, 5.5, 8.5, 6], "texture": "#0"},
				"south": {"uv": [5, 5.5, 7.25, 6], "texture": "#0"},
				"west": {"uv": [7, 7.5, 8, 8], "texture": "#0"},
				"up": {"uv": [5.75, 5, 3.5, 4], "texture": "#0"},
				"down": {"uv": [3.25, 4.5, 1, 5.5], "texture": "#0"}
			}
		},
		{
			"from": [4, 4.2, 2],
			"to": [6, 9.3, 4],
			"faces": {
				"north": {"uv": [0, 0, 1, 2.5], "texture": "#0"},
				"east": {"uv": [1, 0, 2, 2.5], "texture": "#0"},
				"south": {"uv": [2, 0, 3, 2.5], "texture": "#0"},
				"west": {"uv": [0, 2.5, 1, 5], "texture": "#0"},
				"up": {"uv": [6, 8, 5, 7], "texture": "#0"},
				"down": {"uv": [7, 7, 6, 8], "texture": "#0"}
			}
		}
	],
	"display": {},
	"groups": [
		{
			"name": "group",
			"origin": [0, 0, 0],
			"color": 0,
			"nbt": "{}",
			"children": [0, 1, 2, 3, 4, 5, 6, 7]
		}
	]
}