{
	"credit": "Made with Blockbench",
	"texture_size": [32, 32],
	"textures": {
		"0": "item/red_boxing_glove",
		"particle": "item/red_boxing_glove"
	},
	"elements": [
		{
			"from": [5.8, 3.8, 11],
			"to": [10.2, 8.2, 13],
			"faces": {
				"north": {"uv": [6, 0, 8.25, 2.25], "texture": "#0"},
				"east": {"uv": [8, 6.5, 9, 8.75], "texture": "#0"},
				"south": {"uv": [6, 2.5, 8.25, 4.75], "texture": "#0"},
				"west": {"uv": [8.5, 0, 9.5, 2.25], "texture": "#0"},
				"up": {"uv": [10.75, 3.5, 8.5, 2.5], "texture": "#0"},
				"down": {"uv": [10.75, 3.5, 8.5, 4.5], "texture": "#0"}
			}
		},
		{
			"from": [5.35, 3.35, 13],
			"to": [10.65, 8.65, 15.3],
			"faces": {
				"north": {"uv": [0, 0, 2.75, 2.75], "texture": "#0"},
				"east": {"uv": [5, 7.5, 6.25, 10.25], "texture": "#0"},
				"south": {"uv": [0, 3, 2.75, 5.75], "texture": "#0"},
				"west": {"uv": [6.5, 7.5, 7.75, 10.25], "texture": "#0"},
				"up": {"uv": [2.75, 9.25, 0, 8], "texture": "#0"},
				"down": {"uv": [10.75, 5, 8, 6.25], "texture": "#0"}
			}
		},
		{
			"from": [5, 4.3, 6.7],
			"to": [7, 8.8, 9],
			"faces": {
				"north": {"uv": [0, 9.5, 1, 10.5], "texture": "#0"},
				"east": {"uv": [9, 6.5, 10.75, 7.5], "texture": "#0"},
				"south": {"uv": [9.5, 0, 10.5, 1], "texture": "#0"},
				"west": {"uv": [9, 7.5, 10.75, 8.5], "texture": "#0"},
				"up": {"uv": [9, 10.75, 8, 9], "texture": "#0"},
				"down": {"uv": [10, 8.5, 9, 10.25], "texture": "#0"}
			}
		},
		{
			"from": [5.2, 3.5, 7],
			"to": [10.7, 8.5, 11],
			"faces": {
				"north": {"uv": [3, 0, 5.75, 2.5], "texture": "#0"},
				"east": {"uv": [6, 5, 8, 7.5], "texture": "#0"},
				"south": {"uv": [3, 2.5, 5.75, 5], "texture": "#0"},
				"west": {"uv": [3, 7, 5, 9.5], "texture": "#0"},
				"up": {"uv": [5.75, 7, 3, 5], "texture": "#0"},
				"down": {"uv": [2.75, 6, 0, 8], "texture": "#0"}
			}
		}
	],
	"display": {
		"thirdperson_lefthand": {
			"scale": [-1, 1, 1]
		},
		"firstperson_righthand": {
			"rotation": [28, 0, 0],
			"translation": [-0.75, 3.5, 0]
		},
		"firstperson_lefthand": {
			"rotation": [28, 0, 0],
			"translation": [-0.75, 3.5, 0],
			"scale": [-1, 1, 1]
		},
		"ground": {
			"rotation": [0, 0, 66],
			"translation": [-3.5, 0, -3.5]
		},
		"gui": {
			"rotation": [90, 36, 0],
			"translation": [-2.75, 3.25, 0],
			"scale": [1.35, 1.35, 1.35]
		},
		"fixed": {
			"rotation": [-90, -90, 0],
			"translation": [2.75, 0.25, -1.25]
		}
	},
	"groups": [
		{
			"name": "group",
			"origin": [0, 0, 0],
			"color": 0,
			"children": [0, 1, 2, 3]
		}
	]
}