{
	"credit": "Made with Blockbench",
	"textures": {
		"2": "item/card2",
		"particle": "item/heart"
	},
	"elements": [
		{
			"from": [5, 7, 8],
			"to": [8, 12, 8.2],
			"rotation": {"angle": -22.5, "axis": "x", "origin": [2.5, 9.5, 8.25]},
			"faces": {
				"north": {"uv": [0, 0, 3, 5], "texture": "#2"},
				"east": {"uv": [0, 5, 0.25, 10], "texture": "#2"},
				"south": {"uv": [3, 0, 6, 5], "texture": "#2"},
				"west": {"uv": [1, 5, 1.25, 10], "texture": "#2"},
				"up": {"uv": [5, 5.25, 2, 5], "texture": "#2"},
				"down": {"uv": [8, 5, 5, 5.25], "texture": "#2"}
			}
		}
	],
	"display": {
		"thirdperson_righthand": {
			"rotation": [0, -12, 0]
		},
		"thirdperson_lefthand": {
			"rotation": [0, -10, 0],
			"translation": [-2.75, 0, 0]
		},
		"firstperson_righthand": {
			"rotation": [0, -27, 0],
			"translation": [2.25, 0, 0]
		},
		"firstperson_lefthand": {
			"rotation": [0, -27, 0],
			"translation": [-1.75, 0.25, 0]
		},
		"ground": {
			"rotation": [-27, 0, 0],
			"translation": [1.25, -2.75, 1]
		},
		"gui": {
			"rotation": [0, 0, 22],
			"translation": [3.5, -1.25, 0],
			"scale": [2, 2, 2]
		},
		"fixed": {
			"rotation": [22, 0, 0],
			"translation": [1.75, -1, 0]
		}
	}
}