{
	"credit": "Made with Blockbench",
	"textures": {
		"0": "item/claw",
		"particle": "item/claw"
	},
	"elements": [
		{
			"from": [9, 3.5, 6],
			"to": [11, 4.7, 10],
			"faces": {
				"north": {"uv": [6, 6, 8, 7], "texture": "#0"},
				"east": {"uv": [6, 0, 10, 1], "texture": "#0"},
				"south": {"uv": [6, 7, 8, 8], "texture": "#0"},
				"west": {"uv": [6, 1, 10, 2], "texture": "#0"},
				"up": {"uv": [2, 4, 0, 0], "texture": "#0"},
				"down": {"uv": [4, 0, 2, 4], "texture": "#0"}
			}
		},
		{
			"from": [9, 7.5, 6],
			"to": [11, 8.7, 10],
			"faces": {
				"north": {"uv": [0, 8, 2, 9], "texture": "#0"},
				"east": {"uv": [6, 2, 10, 3], "texture": "#0"},
				"south": {"uv": [2, 8, 4, 9], "texture": "#0"},
				"west": {"uv": [6, 3, 10, 4], "texture": "#0"},
				"up": {"uv": [2, 8, 0, 4], "texture": "#0"},
				"down": {"uv": [6, 0, 4, 4], "texture": "#0"}
			}
		},
		{
			"from": [9, 5.5, 6],
			"to": [11, 6.7, 10],
			"faces": {
				"north": {"uv": [4, 8, 6, 9], "texture": "#0"},
				"east": {"uv": [6, 4, 10, 5], "texture": "#0"},
				"south": {"uv": [6, 8, 8, 9], "texture": "#0"},
				"west": {"uv": [6, 5, 10, 6], "texture": "#0"},
				"up": {"uv": [4, 8, 2, 4], "texture": "#0"},
				"down": {"uv": [6, 4, 4, 8], "texture": "#0"}
			}
		}
	],
	"display": {
		"thirdperson_lefthand": {
			"translation": [3.75, 0, 0]
		},
		"gui": {
			"rotation": [90, 0, 90],
			"translation": [-1.75, 0, -0.5]
		},
		"fixed": {
			"rotation": [90, 0, 90],
			"translation": [-1.75, 0, -0.5]
		}
	},
	"groups": [
		{
			"name": "group",
			"origin": [0, 0, 0],
			"color": 0,
			"children": [0, 1, 2]
		}
	]
}