{
	"credit": "Made with Blockbench",
	"texture_size": [128, 128],
	"textures": {
		"0": "item/gorofruit",
		"particle": "item/gorofruit"
	},
	"elements": [
		{
			"from": [0, 0, 3],
			"to": [16, 16, 3],
			"faces": {
				"north": {"uv": [16, 0, 0, 16], "texture": "#0"},
				"east": {"uv": [0, 0, 0.25, 2], "texture": "#0"},
				"south": {"uv": [0, 0, 16, 15.875], "texture": "#0"},
				"west": {"uv": [0, 0, 0.25, 2], "texture": "#0"},
				"up": {"uv": [0, 0, 2, 0.25], "texture": "#0"},
				"down": {"uv": [0, 0, 2, 0.25], "texture": "#0"}
			}
		}
	],
	"gui_light": "front",
	"display": {
		"thirdperson_righthand": {
			"translation": [0, 1.25, 4.5]
		},
		"thirdperson_lefthand": {
			"translation": [0, 1, 4.5]
		},
		"firstperson_righthand": {
			"rotation": [0, -83, 0],
			"translation": [1.25, 2, 0]
		},
		"firstperson_lefthand": {
			"rotation": [0, -71.75, 0]
		},
		"ground": {
			"translation": [0, 1.5, 5.25]
		},
		"gui": {
			"translation": [-0.25, 0, 0],
			"scale": [1, 1, 0.99]
		},
		"fixed": {
			"translation": [0, 0, 6.5],
			"scale": [1.5, 1.5, 1.5]
		}
	}
}