{
	"credit": "Made with Blockbench",
	"textures": {
		"0": "item/aro",
		"1": "item/drumText",
		"2": "item/drumbackground",
		"particle": "item/aro"
	},
	"elements": [
		{
			"from": [8.19246, 5.775, -2],
			"to": [11.19246, 7.275, 1],
			"rotation": {"angle": -22.5, "axis": "z", "origin": [8.19246, 7.275, -0.5]},
			"faces": {
				"north": {"uv": [2, 2, 4, 3], "texture": "#2"},
				"east": {"uv": [2, 3, 4, 4], "texture": "#2"},
				"south": {"uv": [2, 0, 4, 1], "texture": "#2"},
				"west": {"uv": [2, 1, 4, 2], "texture": "#2"},
				"up": {"uv": [2, 2, 0, 0], "rotation": 180, "texture": "#2"},
				"down": {"uv": [2, 2, 0, 4], "rotation": 180, "texture": "#2"}
			}
		},
		{
			"from": [7.84836, 4.73328, -2],
			"to": [9.34836, 6.23328, 1],
			"rotation": {"angle": 22.5, "axis": "z", "origin": [8.59836, 5.48328, -0.5]},
			"faces": {
				"north": {"uv": [2, 8, 3, 9], "texture": "#2"},
				"east": {"uv": [4, 0, 6, 1], "texture": "#2"},
				"south": {"uv": [8, 0, 9, 1], "texture": "#2"},
				"west": {"uv": [0, 4, 2, 5], "texture": "#2"},
				"up": {"uv": [5, 3, 4, 1], "rotation": 180, "texture": "#2"},
				"down": {"uv": [3, 4, 2, 6], "rotation": 180, "texture": "#2"}
			}
		},
		{
			"from": [9.96354, 5.51418, -2],
			"to": [11.46354, 7.01418, 1],
			"rotation": {"angle": 22.5, "axis": "z", "origin": [10.55821, 5.88918, -0.5]},
			"faces": {
				"north": {"uv": [5, 8, 6, 9], "texture": "#2"},
				"east": {"uv": [4, 3, 6, 4], "texture": "#2"},
				"south": {"uv": [8, 3, 9, 4], "texture": "#2"},
				"west": {"uv": [3, 4, 5, 5], "texture": "#2"},
				"up": {"uv": [1, 7, 0, 5], "rotation": 180, "texture": "#2"},
				"down": {"uv": [2, 5, 1, 7], "rotation": 180, "texture": "#2"}
			}
		},
		{
			"from": [9.96354, 4.76418, -2],
			"to": [11.46354, 6.26418, 1],
			"rotation": {"angle": -22.5, "axis": "z", "origin": [10.55821, 5.88918, -0.5]},
			"faces": {
				"north": {"uv": [8, 6, 9, 7], "texture": "#2"},
				"east": {"uv": [5, 2, 7, 3], "texture": "#2"},
				"south": {"uv": [6, 8, 7, 9], "texture": "#2"},
				"west": {"uv": [5, 1, 7, 2], "texture": "#2"},
				"up": {"uv": [4, 7, 3, 5], "rotation": 180, "texture": "#2"},
				"down": {"uv": [5, 5, 4, 7], "rotation": 180, "texture": "#2"}
			}
		},
		{
			"from": [9.20328, 4.00393, -2],
			"to": [10.70328, 5.50393, 1],
			"rotation": {"angle": 22.5, "axis": "z", "origin": [9.57828, 4.90926, -0.5]},
			"faces": {
				"north": {"uv": [8, 7, 9, 8], "texture": "#2"},
				"east": {"uv": [5, 5, 7, 6], "texture": "#2"},
				"south": {"uv": [7, 8, 8, 9], "texture": "#2"},
				"west": {"uv": [5, 4, 7, 5], "texture": "#2"},
				"up": {"uv": [3, 8, 2, 6], "rotation": 180, "texture": "#2"},
				"down": {"uv": [6, 6, 5, 8], "rotation": 180, "texture": "#2"}
			}
		},
		{
			"from": [8.45328, 4.00393, -2],
			"to": [9.95328, 5.50393, 1],
			"rotation": {"angle": -22.5, "axis": "z", "origin": [9.57828, 4.90926, -0.5]},
			"faces": {
				"north": {"uv": [0, 9, 1, 10], "texture": "#2"},
				"east": {"uv": [6, 3, 8, 4], "texture": "#2"},
				"south": {"uv": [8, 8, 9, 9], "texture": "#2"},
				"west": {"uv": [6, 0, 8, 1], "texture": "#2"},
				"up": {"uv": [7, 8, 6, 6], "rotation": 180, "texture": "#2"},
				"down": {"uv": [1, 7, 0, 9], "rotation": 180, "texture": "#2"}
			}
		},
		{
			"from": [8.44992, 6.27443, -2],
			"to": [9.94992, 7.77443, 1],
			"rotation": {"angle": 22.5, "axis": "z", "origin": [9.57492, 6.8691, -0.5]},
			"faces": {
				"north": {"uv": [1, 9, 2, 10], "texture": "#2"},
				"east": {"uv": [7, 2, 9, 3], "texture": "#2"},
				"south": {"uv": [9, 0, 10, 1], "texture": "#2"},
				"west": {"uv": [7, 1, 9, 2], "texture": "#2"},
				"up": {"uv": [2, 9, 1, 7], "rotation": 180, "texture": "#2"},
				"down": {"uv": [4, 7, 3, 9], "rotation": 180, "texture": "#2"}
			}
		},
		{
			"from": [9.19992, 6.27443, -2],
			"to": [10.69992, 7.77443, 1],
			"rotation": {"angle": -22.5, "axis": "z", "origin": [9.57492, 6.8691, -0.5]},
			"faces": {
				"north": {"uv": [2, 9, 3, 10], "texture": "#2"},
				"east": {"uv": [7, 5, 9, 6], "texture": "#2"},
				"south": {"uv": [9, 1, 10, 2], "texture": "#2"},
				"west": {"uv": [7, 4, 9, 5], "texture": "#2"},
				"up": {"uv": [5, 9, 4, 7], "rotation": 180, "texture": "#2"},
				"down": {"uv": [8, 6, 7, 8], "rotation": 180, "texture": "#2"}
			}
		},
		{
			"from": [8.2641, 4.5, -2.001],
			"to": [10.9641, 7.2, -2.001],
			"rotation": {"angle": 0, "axis": "y", "origin": [19.9641, 4.5, 8.5]},
			"faces": {
				"north": {"uv": [0, 0, 16, 16], "texture": "#1"},
				"east": {"uv": [0, 0, 0, 2], "texture": "#missing"},
				"south": {"uv": [0, 0, 2, 2], "texture": "#missing"},
				"west": {"uv": [0, 0, 0, 2], "texture": "#1"},
				"up": {"uv": [0, 0, 2, 0], "rotation": 180, "texture": "#missing"},
				"down": {"uv": [0, 0, 2, 0], "rotation": 180, "texture": "#missing"}
			}
		},
		{
			"from": [8.2641, 4.5, 1.015],
			"to": [10.9641, 7.2, 1.015],
			"rotation": {"angle": 0, "axis": "y", "origin": [19.9641, 4.5, 8.5]},
			"faces": {
				"south": {"uv": [0, 0, 16, 16], "texture": "#1"}
			}
		},
		{
			"from": [1.18205, 0.3284, 0],
			"to": [3.98205, -0.0716, -0.4],
			"rotation": {"angle": 0, "axis": "y", "origin": [5.98205, -1.6716, 0]},
			"faces": {
				"north": {"uv": [8.25, 3.25, 8.75, 3.75], "texture": "#0"},
				"east": {"uv": [9.25, 3.25, 9.75, 3.75], "texture": "#0"},
				"south": {"uv": [6.25, 3.25, 6.75, 3.75], "texture": "#0"},
				"west": {"uv": [7.25, 3.25, 7.75, 3.75], "texture": "#0"},
				"up": {"uv": [10.25, 3.25, 10.75, 3.75], "rotation": 180, "texture": "#0"},
				"down": {"uv": [11.25, 3.25, 11.75, 3.75], "rotation": 180, "texture": "#0"}
			}
		},
		{
			"from": [-1.9216, -1.99815, 0],
			"to": [0.8784, -2.39815, -0.4],
			"rotation": {"angle": -22.5, "axis": "z", "origin": [6.8784, -1.99815, 0]},
			"faces": {
				"north": {"uv": [14.25, 3.25, 14.75, 3.75], "texture": "#0"},
				"east": {"uv": [15.25, 3.25, 15.75, 3.75], "texture": "#0"},
				"south": {"uv": [12.25, 3.25, 12.75, 3.75], "texture": "#0"},
				"west": {"uv": [13.25, 3.25, 13.75, 3.75], "texture": "#0"},
				"up": {"uv": [0.25, 4.25, 0.75, 4.75], "rotation": 180, "texture": "#0"},
				"down": {"uv": [1.25, 4.25, 1.75, 4.75], "rotation": 180, "texture": "#0"}
			}
		},
		{
			"from": [-4.071, -6.27705, 0],
			"to": [-1.271, -6.67705, -0.4],
			"rotation": {"angle": -45, "axis": "z", "origin": [7.929, -2.67705, 0]},
			"faces": {
				"north": {"uv": [4.25, 4.25, 4.75, 4.75], "texture": "#0"},
				"east": {"uv": [5.25, 4.25, 5.75, 4.75], "texture": "#0"},
				"south": {"uv": [2.25, 4.25, 2.75, 4.75], "texture": "#0"},
				"west": {"uv": [3.25, 4.25, 3.75, 4.75], "texture": "#0"},
				"up": {"uv": [6.25, 4.25, 6.75, 4.75], "rotation": 180, "texture": "#0"},
				"down": {"uv": [7.25, 4.25, 7.75, 4.75], "rotation": 180, "texture": "#0"}
			}
		},
		{
			"from": [4.90049, 0.51108, 0],
			"to": [7.70049, 0.11108, -0.4],
			"rotation": {"angle": 22.5, "axis": "z", "origin": [4.90049, -2.28892, 0]},
			"faces": {
				"north": {"uv": [10.25, 4.25, 10.75, 4.75], "rotation": 180, "texture": "#0"},
				"east": {"uv": [11.25, 4.25, 11.75, 4.75], "rotation": 180, "texture": "#0"},
				"south": {"uv": [8.25, 4.25, 8.75, 4.75], "rotation": 180, "texture": "#0"},
				"west": {"uv": [9.25, 4.25, 9.75, 4.75], "rotation": 180, "texture": "#0"},
				"up": {"uv": [12.25, 4.25, 12.75, 4.75], "texture": "#0"},
				"down": {"uv": [13.25, 4.25, 13.75, 4.75], "texture": "#0"}
			}
		},
		{
			"from": [9.25176, 0.52295, 0],
			"to": [12.05176, 0.12295, -0.4],
			"rotation": {"angle": 45, "axis": "z", "origin": [6.85176, -2.67705, 0]},
			"faces": {
				"north": {"uv": [0.25, 5.25, 0.75, 5.75], "texture": "#0"},
				"east": {"uv": [1.25, 5.25, 1.75, 5.75], "texture": "#0"},
				"south": {"uv": [14.25, 4.25, 14.75, 4.75], "texture": "#0"},
				"west": {"uv": [15.25, 4.25, 15.75, 4.75], "texture": "#0"},
				"up": {"uv": [2.25, 5.25, 2.75, 5.75], "rotation": 180, "texture": "#0"},
				"down": {"uv": [3.25, 5.25, 3.75, 5.75], "rotation": 180, "texture": "#0"}
			}
		},
		{
			"from": [-2.46376, 3.56082, 0],
			"to": [-2.86376, 6.36082, -0.4],
			"rotation": {"angle": 22.5, "axis": "z", "origin": [-1.66376, 1.96082, -0.2]},
			"faces": {
				"north": {"uv": [6.25, 5.25, 6.75, 5.75], "rotation": 270, "texture": "#0"},
				"east": {"uv": [7.25, 5.25, 7.75, 5.75], "rotation": 270, "texture": "#0"},
				"south": {"uv": [4.25, 5.25, 4.75, 5.75], "rotation": 90, "texture": "#0"},
				"west": {"uv": [5.25, 5.25, 5.75, 5.75], "rotation": 270, "texture": "#0"},
				"up": {"uv": [8.25, 5.25, 8.75, 5.75], "rotation": 90, "texture": "#0"},
				"down": {"uv": [9.25, 5.25, 9.75, 5.75], "rotation": 90, "texture": "#0"}
			}
		},
		{
			"from": [7.56906, 3.25426, 0],
			"to": [7.16906, 6.05426, -0.4],
			"rotation": {"angle": -22.5, "axis": "z", "origin": [7.36906, 0.65426, -0.2]},
			"faces": {
				"north": {"uv": [12.25, 5.25, 12.75, 5.75], "rotation": 90, "texture": "#0"},
				"east": {"uv": [13.25, 5.25, 13.75, 5.75], "rotation": 90, "texture": "#0"},
				"south": {"uv": [10.25, 5.25, 10.75, 5.75], "rotation": 270, "texture": "#0"},
				"west": {"uv": [11.25, 5.25, 11.75, 5.75], "rotation": 90, "texture": "#0"},
				"up": {"uv": [14.25, 5.25, 14.75, 5.75], "rotation": 270, "texture": "#0"},
				"down": {"uv": [15.25, 5.25, 15.75, 5.75], "rotation": 270, "texture": "#0"}
			}
		},
		{
			"from": [4.90049, 13.82226, 0],
			"to": [7.70049, 13.42226, -0.4],
			"rotation": {"angle": -22.5, "axis": "z", "origin": [4.90049, 16.22226, 0]},
			"faces": {
				"north": {"uv": [14.25, 0.25, 14.75, 0.75], "rotation": 180, "texture": "#0"},
				"east": {"uv": [15.25, 0.25, 15.75, 0.75], "rotation": 180, "texture": "#0"},
				"south": {"uv": [12.25, 0.25, 12.75, 0.75], "rotation": 180, "texture": "#0"},
				"west": {"uv": [13.25, 0.25, 13.75, 0.75], "rotation": 180, "texture": "#0"},
				"up": {"uv": [0.25, 1.25, 0.75, 1.75], "texture": "#0"},
				"down": {"uv": [1.25, 1.25, 1.75, 1.75], "texture": "#0"}
			}
		},
		{
			"from": [1.18205, 14.00495, 0],
			"to": [3.98205, 13.60495, -0.4],
			"rotation": {"angle": 0, "axis": "z", "origin": [5.98205, 15.60495, 0]},
			"faces": {
				"north": {"uv": [4.25, 1.25, 4.75, 1.75], "texture": "#0"},
				"east": {"uv": [5.25, 1.25, 5.75, 1.75], "texture": "#0"},
				"south": {"uv": [2.25, 1.25, 2.75, 1.75], "texture": "#0"},
				"west": {"uv": [3.25, 1.25, 3.75, 1.75], "texture": "#0"},
				"up": {"uv": [6.25, 1.25, 6.75, 1.75], "rotation": 180, "texture": "#0"},
				"down": {"uv": [7.25, 1.25, 7.75, 1.75], "rotation": 180, "texture": "#0"}
			}
		},
		{
			"from": [-1.9216, 16.33149, 0],
			"to": [0.8784, 15.93149, -0.4],
			"rotation": {"angle": 22.5, "axis": "z", "origin": [6.8784, 15.93149, 0]},
			"faces": {
				"north": {"uv": [10.25, 1.25, 10.75, 1.75], "texture": "#0"},
				"east": {"uv": [11.25, 1.25, 11.75, 1.75], "texture": "#0"},
				"south": {"uv": [8.25, 1.25, 8.75, 1.75], "texture": "#0"},
				"west": {"uv": [9.25, 1.25, 9.75, 1.75], "texture": "#0"},
				"up": {"uv": [12.25, 1.25, 12.75, 1.75], "rotation": 180, "texture": "#0"},
				"down": {"uv": [13.25, 1.25, 13.75, 1.75], "rotation": 180, "texture": "#0"}
			}
		},
		{
			"from": [-4.071, 20.61039, 0],
			"to": [-1.271, 20.21039, -0.4],
			"rotation": {"angle": 45, "axis": "z", "origin": [7.929, 16.61039, 0]},
			"faces": {
				"north": {"uv": [0.25, 2.25, 0.75, 2.75], "texture": "#0"},
				"east": {"uv": [1.25, 2.25, 1.75, 2.75], "texture": "#0"},
				"south": {"uv": [14.25, 1.25, 14.75, 1.75], "texture": "#0"},
				"west": {"uv": [15.25, 1.25, 15.75, 1.75], "texture": "#0"},
				"up": {"uv": [2.25, 2.25, 2.75, 2.75], "rotation": 180, "texture": "#0"},
				"down": {"uv": [3.25, 2.25, 3.75, 2.75], "rotation": 180, "texture": "#0"}
			}
		},
		{
			"from": [9.25176, 13.81039, 0],
			"to": [12.05176, 13.41039, -0.4],
			"rotation": {"angle": -45, "axis": "z", "origin": [6.85176, 16.61039, 0]},
			"faces": {
				"north": {"uv": [6.25, 2.25, 6.75, 2.75], "texture": "#0"},
				"east": {"uv": [7.25, 2.25, 7.75, 2.75], "texture": "#0"},
				"south": {"uv": [4.25, 2.25, 4.75, 2.75], "texture": "#0"},
				"west": {"uv": [5.25, 2.25, 5.75, 2.75], "texture": "#0"},
				"up": {"uv": [8.25, 2.25, 8.75, 2.75], "rotation": 180, "texture": "#0"},
				"down": {"uv": [9.25, 2.25, 9.75, 2.75], "rotation": 180, "texture": "#0"}
			}
		},
		{
			"from": [7.41724, 9.04236, 0],
			"to": [7.01724, 11.84236, -0.4],
			"rotation": {"angle": 22.5, "axis": "z", "origin": [10.21724, 14.24236, 0]},
			"faces": {
				"north": {"uv": [12.25, 2.25, 12.75, 2.75], "rotation": 270, "texture": "#0"},
				"east": {"uv": [13.25, 2.25, 13.75, 2.75], "rotation": 270, "texture": "#0"},
				"south": {"uv": [10.25, 2.25, 10.75, 2.75], "rotation": 90, "texture": "#0"},
				"west": {"uv": [11.25, 2.25, 11.75, 2.75], "rotation": 270, "texture": "#0"},
				"up": {"uv": [14.25, 2.25, 14.75, 2.75], "rotation": 90, "texture": "#0"},
				"down": {"uv": [15.25, 2.25, 15.75, 2.75], "rotation": 90, "texture": "#0"}
			}
		},
		{
			"from": [-3.53569, 8.18356, 0],
			"to": [-3.93569, 10.98356, -0.4],
			"rotation": {"angle": -22.5, "axis": "z", "origin": [-3.73569, 9.58356, -0.2]},
			"faces": {
				"north": {"uv": [2.25, 3.25, 2.75, 3.75], "rotation": 90, "texture": "#0"},
				"east": {"uv": [3.25, 3.25, 3.75, 3.75], "rotation": 90, "texture": "#0"},
				"south": {"uv": [0.25, 3.25, 0.75, 3.75], "rotation": 270, "texture": "#0"},
				"west": {"uv": [1.25, 3.25, 1.75, 3.75], "rotation": 90, "texture": "#0"},
				"up": {"uv": [4.25, 3.25, 4.75, 3.75], "rotation": 270, "texture": "#0"},
				"down": {"uv": [5.25, 3.25, 5.75, 3.75], "rotation": 270, "texture": "#0"}
			}
		},
		{
			"from": [-4.05622, 5.56667, 0],
			"to": [-4.45622, 8.36667, -0.4],
			"rotation": {"angle": 0, "axis": "z", "origin": [7.94378, -3.63333, 0]},
			"faces": {
				"north": {"uv": [2.25, 0.25, 2.75, 0.75], "rotation": 90, "texture": "#0"},
				"east": {"uv": [3.25, 0.25, 3.75, 0.75], "rotation": 90, "texture": "#0"},
				"south": {"uv": [0.25, 0.25, 0.75, 0.75], "rotation": 270, "texture": "#0"},
				"west": {"uv": [1.25, 0.25, 1.75, 0.75], "rotation": 90, "texture": "#0"},
				"up": {"uv": [4.25, 0.25, 4.75, 0.75], "rotation": 270, "texture": "#0"},
				"down": {"uv": [5.25, 0.25, 5.75, 0.75], "rotation": 270, "texture": "#0"}
			}
		},
		{
			"from": [9.62033, 5.56667, 0],
			"to": [9.22033, 8.36667, -0.4],
			"rotation": {"angle": 0, "axis": "y", "origin": [9.62033, -3.23333, 0]},
			"faces": {
				"north": {"uv": [8.25, 0.25, 8.75, 0.75], "rotation": 90, "texture": "#0"},
				"east": {"uv": [9.25, 0.25, 9.75, 0.75], "rotation": 90, "texture": "#0"},
				"south": {"uv": [6.25, 0.25, 6.75, 0.75], "rotation": 270, "texture": "#0"},
				"west": {"uv": [7.25, 0.25, 7.75, 0.75], "rotation": 90, "texture": "#0"},
				"up": {"uv": [10.25, 0.25, 10.75, 0.75], "rotation": 270, "texture": "#0"},
				"down": {"uv": [11.25, 0.25, 11.75, 0.75], "rotation": 270, "texture": "#0"}
			}
		},
		{
			"from": [-5.80754, 5.775, -2],
			"to": [-2.80754, 7.275, 1],
			"rotation": {"angle": -22.5, "axis": "z", "origin": [-5.80754, 7.275, -0.5]},
			"faces": {
				"north": {"uv": [2, 2, 4, 3], "texture": "#2"},
				"east": {"uv": [2, 3, 4, 4], "texture": "#2"},
				"south": {"uv": [2, 0, 4, 1], "texture": "#2"},
				"west": {"uv": [2, 1, 4, 2], "texture": "#2"},
				"up": {"uv": [2, 2, 0, 0], "rotation": 180, "texture": "#2"},
				"down": {"uv": [2, 2, 0, 4], "rotation": 180, "texture": "#2"}
			}
		},
		{
			"from": [-6.15164, 4.73328, -2],
			"to": [-4.65164, 6.23328, 1],
			"rotation": {"angle": 22.5, "axis": "z", "origin": [-5.40164, 5.48328, -0.5]},
			"faces": {
				"north": {"uv": [2, 8, 3, 9], "texture": "#2"},
				"east": {"uv": [4, 0, 6, 1], "texture": "#2"},
				"south": {"uv": [8, 0, 9, 1], "texture": "#2"},
				"west": {"uv": [0, 4, 2, 5], "texture": "#2"},
				"up": {"uv": [5, 3, 4, 1], "rotation": 180, "texture": "#2"},
				"down": {"uv": [3, 4, 2, 6], "rotation": 180, "texture": "#2"}
			}
		},
		{
			"from": [-4.03646, 5.51418, -2],
			"to": [-2.53646, 7.01418, 1],
			"rotation": {"angle": 22.5, "axis": "z", "origin": [-3.44179, 5.88918, -0.5]},
			"faces": {
				"north": {"uv": [5, 8, 6, 9], "texture": "#2"},
				"east": {"uv": [4, 3, 6, 4], "texture": "#2"},
				"south": {"uv": [8, 3, 9, 4], "texture": "#2"},
				"west": {"uv": [3, 4, 5, 5], "texture": "#2"},
				"up": {"uv": [1, 7, 0, 5], "rotation": 180, "texture": "#2"},
				"down": {"uv": [2, 5, 1, 7], "rotation": 180, "texture": "#2"}
			}
		},
		{
			"from": [-4.03646, 4.76418, -2],
			"to": [-2.53646, 6.26418, 1],
			"rotation": {"angle": -22.5, "axis": "z", "origin": [-3.44179, 5.88918, -0.5]},
			"faces": {
				"north": {"uv": [8, 6, 9, 7], "texture": "#2"},
				"east": {"uv": [5, 2, 7, 3], "texture": "#2"},
				"south": {"uv": [6, 8, 7, 9], "texture": "#2"},
				"west": {"uv": [5, 1, 7, 2], "texture": "#2"},
				"up": {"uv": [4, 7, 3, 5], "rotation": 180, "texture": "#2"},
				"down": {"uv": [5, 5, 4, 7], "rotation": 180, "texture": "#2"}
			}
		},
		{
			"from": [-4.79672, 4.00393, -2],
			"to": [-3.29672, 5.50393, 1],
			"rotation": {"angle": 22.5, "axis": "z", "origin": [-4.42172, 4.90926, -0.5]},
			"faces": {
				"north": {"uv": [8, 7, 9, 8], "texture": "#2"},
				"east": {"uv": [5, 5, 7, 6], "texture": "#2"},
				"south": {"uv": [7, 8, 8, 9], "texture": "#2"},
				"west": {"uv": [5, 4, 7, 5], "texture": "#2"},
				"up": {"uv": [3, 8, 2, 6], "rotation": 180, "texture": "#2"},
				"down": {"uv": [6, 6, 5, 8], "rotation": 180, "texture": "#2"}
			}
		},
		{
			"from": [-5.54672, 4.00393, -2],
			"to": [-4.04672, 5.50393, 1],
			"rotation": {"angle": -22.5, "axis": "z", "origin": [-4.42172, 4.90926, -0.5]},
			"faces": {
				"north": {"uv": [0, 9, 1, 10], "texture": "#2"},
				"east": {"uv": [6, 3, 8, 4], "texture": "#2"},
				"south": {"uv": [8, 8, 9, 9], "texture": "#2"},
				"west": {"uv": [6, 0, 8, 1], "texture": "#2"},
				"up": {"uv": [7, 8, 6, 6], "rotation": 180, "texture": "#2"},
				"down": {"uv": [1, 7, 0, 9], "rotation": 180, "texture": "#2"}
			}
		},
		{
			"from": [-5.55008, 6.27443, -2],
			"to": [-4.05008, 7.77443, 1],
			"rotation": {"angle": 22.5, "axis": "z", "origin": [-4.42508, 6.8691, -0.5]},
			"faces": {
				"north": {"uv": [1, 9, 2, 10], "texture": "#2"},
				"east": {"uv": [7, 2, 9, 3], "texture": "#2"},
				"south": {"uv": [9, 0, 10, 1], "texture": "#2"},
				"west": {"uv": [7, 1, 9, 2], "texture": "#2"},
				"up": {"uv": [2, 9, 1, 7], "rotation": 180, "texture": "#2"},
				"down": {"uv": [4, 7, 3, 9], "rotation": 180, "texture": "#2"}
			}
		},
		{
			"from": [-4.80008, 6.27443, -2],
			"to": [-3.30008, 7.77443, 1],
			"rotation": {"angle": -22.5, "axis": "z", "origin": [-4.42508, 6.8691, -0.5]},
			"faces": {
				"north": {"uv": [2, 9, 3, 10], "texture": "#2"},
				"east": {"uv": [7, 5, 9, 6], "texture": "#2"},
				"south": {"uv": [9, 1, 10, 2], "texture": "#2"},
				"west": {"uv": [7, 4, 9, 5], "texture": "#2"},
				"up": {"uv": [5, 9, 4, 7], "rotation": 180, "texture": "#2"},
				"down": {"uv": [8, 6, 7, 8], "rotation": 180, "texture": "#2"}
			}
		},
		{
			"from": [-5.7359, 4.5, -2.001],
			"to": [-3.0359, 7.2, -2.001],
			"rotation": {"angle": 0, "axis": "y", "origin": [5.9641, 4.5, 8.5]},
			"faces": {
				"north": {"uv": [0, 0, 16, 16], "texture": "#1"},
				"east": {"uv": [0, 0, 0, 2], "texture": "#missing"},
				"south": {"uv": [0, 0, 2, 2], "texture": "#missing"},
				"west": {"uv": [0, 0, 0, 2], "texture": "#1"},
				"up": {"uv": [0, 0, 2, 0], "rotation": 180, "texture": "#missing"},
				"down": {"uv": [0, 0, 2, 0], "rotation": 180, "texture": "#missing"}
			}
		},
		{
			"from": [-5.7359, 4.5, 1.015],
			"to": [-3.0359, 7.2, 1.015],
			"rotation": {"angle": 0, "axis": "y", "origin": [5.9641, 4.5, 8.5]},
			"faces": {
				"south": {"uv": [0, 0, 16, 16], "texture": "#1"}
			}
		},
		{
			"from": [4.76762, 11.13918, -2],
			"to": [7.76762, 12.63918, 1],
			"rotation": {"angle": -22.5, "axis": "z", "origin": [6.57828, 11.88918, -0.4925]},
			"faces": {
				"north": {"uv": [2, 2, 4, 3], "texture": "#2"},
				"east": {"uv": [2, 3, 4, 4], "texture": "#2"},
				"south": {"uv": [2, 0, 4, 1], "texture": "#2"},
				"west": {"uv": [2, 1, 4, 2], "texture": "#2"},
				"up": {"uv": [2, 2, 0, 0], "rotation": 180, "texture": "#2"},
				"down": {"uv": [2, 2, 0, 4], "rotation": 180, "texture": "#2"}
			}
		},
		{
			"from": [4.76762, 11.13918, -2],
			"to": [6.26762, 12.63918, 1],
			"rotation": {"angle": 22.5, "axis": "z", "origin": [6.57828, 11.88918, -0.4925]},
			"faces": {
				"north": {"uv": [2, 8, 3, 9], "texture": "#2"},
				"east": {"uv": [4, 0, 6, 1], "texture": "#2"},
				"south": {"uv": [8, 0, 9, 1], "texture": "#2"},
				"west": {"uv": [0, 4, 2, 5], "texture": "#2"},
				"up": {"uv": [5, 3, 4, 1], "rotation": 180, "texture": "#2"},
				"down": {"uv": [3, 4, 2, 6], "rotation": 180, "texture": "#2"}
			}
		},
		{
			"from": [6.88894, 11.13918, -2],
			"to": [8.38894, 12.63918, 1],
			"rotation": {"angle": 22.5, "axis": "z", "origin": [6.57828, 11.88918, -0.4925]},
			"faces": {
				"north": {"uv": [5, 8, 6, 9], "texture": "#2"},
				"east": {"uv": [4, 3, 6, 4], "texture": "#2"},
				"south": {"uv": [8, 3, 9, 4], "texture": "#2"},
				"west": {"uv": [3, 4, 5, 5], "texture": "#2"},
				"up": {"uv": [1, 7, 0, 5], "rotation": 180, "texture": "#2"},
				"down": {"uv": [2, 5, 1, 7], "rotation": 180, "texture": "#2"}
			}
		},
		{
			"from": [6.88894, 11.13918, -2],
			"to": [8.38894, 12.63918, 1],
			"rotation": {"angle": -22.5, "axis": "z", "origin": [6.57828, 11.88918, -0.4925]},
			"faces": {
				"north": {"uv": [8, 6, 9, 7], "texture": "#2"},
				"east": {"uv": [5, 2, 7, 3], "texture": "#2"},
				"south": {"uv": [6, 8, 7, 9], "texture": "#2"},
				"west": {"uv": [5, 1, 7, 2], "texture": "#2"},
				"up": {"uv": [4, 7, 3, 5], "rotation": 180, "texture": "#2"},
				"down": {"uv": [5, 5, 4, 7], "rotation": 180, "texture": "#2"}
			}
		},
		{
			"from": [5.82828, 10.07852, -2],
			"to": [7.32828, 11.57852, 1],
			"rotation": {"angle": 22.5, "axis": "z", "origin": [6.57828, 11.88918, -0.4925]},
			"faces": {
				"north": {"uv": [8, 7, 9, 8], "texture": "#2"},
				"east": {"uv": [5, 5, 7, 6], "texture": "#2"},
				"south": {"uv": [7, 8, 8, 9], "texture": "#2"},
				"west": {"uv": [5, 4, 7, 5], "texture": "#2"},
				"up": {"uv": [3, 8, 2, 6], "rotation": 180, "texture": "#2"},
				"down": {"uv": [6, 6, 5, 8], "rotation": 180, "texture": "#2"}
			}
		},
		{
			"from": [5.82828, 10.07852, -2],
			"to": [7.32828, 11.57852, 1],
			"rotation": {"angle": -22.5, "axis": "z", "origin": [6.57828, 11.88918, -0.4925]},
			"faces": {
				"north": {"uv": [0, 9, 1, 10], "texture": "#2"},
				"east": {"uv": [6, 3, 8, 4], "texture": "#2"},
				"south": {"uv": [8, 8, 9, 9], "texture": "#2"},
				"west": {"uv": [6, 0, 8, 1], "texture": "#2"},
				"up": {"uv": [7, 8, 6, 6], "rotation": 180, "texture": "#2"},
				"down": {"uv": [1, 7, 0, 9], "rotation": 180, "texture": "#2"}
			}
		},
		{
			"from": [5.82518, 12.20113, -2],
			"to": [7.32518, 13.70113, 1],
			"rotation": {"angle": 22.5, "axis": "z", "origin": [6.57828, 11.88918, -0.4925]},
			"faces": {
				"north": {"uv": [1, 9, 2, 10], "texture": "#2"},
				"east": {"uv": [7, 2, 9, 3], "texture": "#2"},
				"south": {"uv": [9, 0, 10, 1], "texture": "#2"},
				"west": {"uv": [7, 1, 9, 2], "texture": "#2"},
				"up": {"uv": [2, 9, 1, 7], "rotation": 180, "texture": "#2"},
				"down": {"uv": [4, 7, 3, 9], "rotation": 180, "texture": "#2"}
			}
		},
		{
			"from": [5.82518, 12.19855, -2],
			"to": [7.32518, 13.69855, 1],
			"rotation": {"angle": -22.5, "axis": "z", "origin": [6.57828, 11.88918, -0.4925]},
			"faces": {
				"north": {"uv": [2, 9, 3, 10], "texture": "#2"},
				"east": {"uv": [7, 5, 9, 6], "texture": "#2"},
				"south": {"uv": [9, 1, 10, 2], "texture": "#2"},
				"west": {"uv": [7, 4, 9, 5], "texture": "#2"},
				"up": {"uv": [5, 9, 4, 7], "rotation": 180, "texture": "#2"},
				"down": {"uv": [8, 6, 7, 8], "rotation": 180, "texture": "#2"}
			}
		},
		{
			"from": [5.2641, 10.5, -2.001],
			"to": [7.9641, 13.2, -2.001],
			"rotation": {"angle": 0, "axis": "y", "origin": [6.57828, 11.88918, -0.4925]},
			"faces": {
				"north": {"uv": [0, 0, 16, 16], "texture": "#1"},
				"east": {"uv": [0, 0, 0, 2], "texture": "#missing"},
				"south": {"uv": [0, 0, 2, 2], "texture": "#missing"},
				"west": {"uv": [0, 0, 0, 2], "texture": "#1"},
				"up": {"uv": [0, 0, 2, 0], "rotation": 180, "texture": "#missing"},
				"down": {"uv": [0, 0, 2, 0], "rotation": 180, "texture": "#missing"}
			}
		},
		{
			"from": [5.2641, 10.5, 1.015],
			"to": [7.9641, 13.2, 1.015],
			"rotation": {"angle": 0, "axis": "y", "origin": [6.57828, 11.88918, -0.4925]},
			"faces": {
				"south": {"uv": [0, 0, 16, 16], "texture": "#1"}
			}
		},
		{
			"from": [-2.80754, 11.775, -2],
			"to": [0.19246, 13.275, 1],
			"rotation": {"angle": -22.5, "axis": "z", "origin": [-2.80754, 13.275, -0.5]},
			"faces": {
				"north": {"uv": [2, 2, 4, 3], "texture": "#2"},
				"east": {"uv": [2, 3, 4, 4], "texture": "#2"},
				"south": {"uv": [2, 0, 4, 1], "texture": "#2"},
				"west": {"uv": [2, 1, 4, 2], "texture": "#2"},
				"up": {"uv": [2, 2, 0, 0], "rotation": 180, "texture": "#2"},
				"down": {"uv": [2, 2, 0, 4], "rotation": 180, "texture": "#2"}
			}
		},
		{
			"from": [-3.15164, 10.73328, -2],
			"to": [-1.65164, 12.23328, 1],
			"rotation": {"angle": 22.5, "axis": "z", "origin": [-2.40164, 11.48328, -0.5]},
			"faces": {
				"north": {"uv": [2, 8, 3, 9], "texture": "#2"},
				"east": {"uv": [4, 0, 6, 1], "texture": "#2"},
				"south": {"uv": [8, 0, 9, 1], "texture": "#2"},
				"west": {"uv": [0, 4, 2, 5], "texture": "#2"},
				"up": {"uv": [5, 3, 4, 1], "rotation": 180, "texture": "#2"},
				"down": {"uv": [3, 4, 2, 6], "rotation": 180, "texture": "#2"}
			}
		},
		{
			"from": [-1.03646, 11.51418, -2],
			"to": [0.46354, 13.01418, 1],
			"rotation": {"angle": 22.5, "axis": "z", "origin": [-0.44179, 11.88918, -0.5]},
			"faces": {
				"north": {"uv": [5, 8, 6, 9], "texture": "#2"},
				"east": {"uv": [4, 3, 6, 4], "texture": "#2"},
				"south": {"uv": [8, 3, 9, 4], "texture": "#2"},
				"west": {"uv": [3, 4, 5, 5], "texture": "#2"},
				"up": {"uv": [1, 7, 0, 5], "rotation": 180, "texture": "#2"},
				"down": {"uv": [2, 5, 1, 7], "rotation": 180, "texture": "#2"}
			}
		},
		{
			"from": [-1.03646, 10.76418, -2],
			"to": [0.46354, 12.26418, 1],
			"rotation": {"angle": -22.5, "axis": "z", "origin": [-0.44179, 11.88918, -0.5]},
			"faces": {
				"north": {"uv": [8, 6, 9, 7], "texture": "#2"},
				"east": {"uv": [5, 2, 7, 3], "texture": "#2"},
				"south": {"uv": [6, 8, 7, 9], "texture": "#2"},
				"west": {"uv": [5, 1, 7, 2], "texture": "#2"},
				"up": {"uv": [4, 7, 3, 5], "rotation": 180, "texture": "#2"},
				"down": {"uv": [5, 5, 4, 7], "rotation": 180, "texture": "#2"}
			}
		},
		{
			"from": [-1.79672, 10.00393, -2],
			"to": [-0.29672, 11.50393, 1],
			"rotation": {"angle": 22.5, "axis": "z", "origin": [-1.42172, 10.90926, -0.5]},
			"faces": {
				"north": {"uv": [8, 7, 9, 8], "texture": "#2"},
				"east": {"uv": [5, 5, 7, 6], "texture": "#2"},
				"south": {"uv": [7, 8, 8, 9], "texture": "#2"},
				"west": {"uv": [5, 4, 7, 5], "texture": "#2"},
				"up": {"uv": [3, 8, 2, 6], "rotation": 180, "texture": "#2"},
				"down": {"uv": [6, 6, 5, 8], "rotation": 180, "texture": "#2"}
			}
		},
		{
			"from": [-2.54672, 10.00393, -2],
			"to": [-1.04672, 11.50393, 1],
			"rotation": {"angle": -22.5, "axis": "z", "origin": [-1.42172, 10.90926, -0.5]},
			"faces": {
				"north": {"uv": [0, 9, 1, 10], "texture": "#2"},
				"east": {"uv": [6, 3, 8, 4], "texture": "#2"},
				"south": {"uv": [8, 8, 9, 9], "texture": "#2"},
				"west": {"uv": [6, 0, 8, 1], "texture": "#2"},
				"up": {"uv": [7, 8, 6, 6], "rotation": 180, "texture": "#2"},
				"down": {"uv": [1, 7, 0, 9], "rotation": 180, "texture": "#2"}
			}
		},
		{
			"from": [-2.55008, 12.27443, -2],
			"to": [-1.05008, 13.77443, 1],
			"rotation": {"angle": 22.5, "axis": "z", "origin": [-1.42508, 12.8691, -0.5]},
			"faces": {
				"north": {"uv": [1, 9, 2, 10], "texture": "#2"},
				"east": {"uv": [7, 2, 9, 3], "texture": "#2"},
				"south": {"uv": [9, 0, 10, 1], "texture": "#2"},
				"west": {"uv": [7, 1, 9, 2], "texture": "#2"},
				"up": {"uv": [2, 9, 1, 7], "rotation": 180, "texture": "#2"},
				"down": {"uv": [4, 7, 3, 9], "rotation": 180, "texture": "#2"}
			}
		},
		{
			"from": [-1.80008, 12.27443, -2],
			"to": [-0.30008, 13.77443, 1],
			"rotation": {"angle": -22.5, "axis": "z", "origin": [-1.42508, 12.8691, -0.5]},
			"faces": {
				"north": {"uv": [2, 9, 3, 10], "texture": "#2"},
				"east": {"uv": [7, 5, 9, 6], "texture": "#2"},
				"south": {"uv": [9, 1, 10, 2], "texture": "#2"},
				"west": {"uv": [7, 4, 9, 5], "texture": "#2"},
				"up": {"uv": [5, 9, 4, 7], "rotation": 180, "texture": "#2"},
				"down": {"uv": [8, 6, 7, 8], "rotation": 180, "texture": "#2"}
			}
		},
		{
			"from": [-2.7359, 10.5, -2.001],
			"to": [-0.0359, 13.2, -2.001],
			"rotation": {"angle": 0, "axis": "y", "origin": [8.9641, 10.5, 8.5]},
			"faces": {
				"north": {"uv": [0, 0, 16, 16], "texture": "#1"},
				"east": {"uv": [0, 0, 0, 2], "texture": "#missing"},
				"south": {"uv": [0, 0, 2, 2], "texture": "#missing"},
				"west": {"uv": [0, 0, 0, 2], "texture": "#1"},
				"up": {"uv": [0, 0, 2, 0], "rotation": 180, "texture": "#missing"},
				"down": {"uv": [0, 0, 2, 0], "rotation": 180, "texture": "#missing"}
			}
		},
		{
			"from": [-2.7359, 10.5, 1.015],
			"to": [-0.0359, 13.2, 1.015],
			"rotation": {"angle": 0, "axis": "y", "origin": [8.9641, 10.5, 8.5]},
			"faces": {
				"south": {"uv": [0, 0, 16, 16], "texture": "#1"}
			}
		}
	],
	"display": {
		"thirdperson_righthand": {
			"rotation": [80, 0, 0]
		},
		"head": {
			"rotation": [4, 0, 0],
			"translation": [16.2, -40.25, 30.75],
			"scale": [3, 3, 3]
		}
	},
	"groups": [
		{
			"name": "drum",
			"origin": [8, 2, 7],
			"color": 0,
			"nbt": "{}",
			"children": [0, 1, 2, 3, 4, 5, 6, 7, 8, 9]
		},
		{
			"name": "inferior",
			"origin": [-1.3125, -1.04113, 0],
			"color": 0,
			"nbt": "{}",
			"children": [10, 11, 12, 13, 14, 15, 16]
		},
		{
			"name": "superior",
			"origin": [4.0351, 11.43666, 0],
			"color": 0,
			"nbt": "{}",
			"children": [17, 18, 19, 20, 21, 22, 23]
		},
		{
			"name": "laterales",
			"origin": [5.11235, 11.43666, 0],
			"color": 0,
			"nbt": "{}",
			"children": [24, 25]
		},
		{
			"name": "drum",
			"origin": [8, 2, 7],
			"color": 0,
			"nbt": "{}",
			"children": [26, 27, 28, 29, 30, 31, 32, 33, 34, 35]
		},
		{
			"name": "drum",
			"origin": [8, 2, 7],
			"color": 0,
			"nbt": "{}",
			"children": [36, 37, 38, 39, 40, 41, 42, 43, 44, 45]
		},
		{
			"name": "drum",
			"origin": [8, 2, 7],
			"color": 0,
			"nbt": "{}",
			"children": [46, 47, 48, 49, 50, 51, 52, 53, 54, 55]
		}
	]
}