{
	"credit": "Made with Blockbench",
	"texture_size": [128, 128],
	"textures": {
		"0": "item/gorufruit",
		"particle": "item/gorufruit"
	},
	"elements": [
		{
			"from": [0, 0, 4],
			"to": [16, 16, 4],
			"faces": {
				"north": {"uv": [16, 0, 0, 16], "texture": "#0"},
				"east": {"uv": [0, 0, 0.25, 2], "texture": "#0"},
				"south": {"uv": [0, 0, 16, 16], "texture": "#0"},
				"west": {"uv": [0, 0, 0.25, 2], "texture": "#0"},
				"up": {"uv": [0, 0, 2, 0.25], "texture": "#0"},
				"down": {"uv": [0, 0, 2, 0.25], "texture": "#0"}
			}
		}
	],
	"gui_light": "front",
	"display": {
		"thirdperson_righthand": {
			"translation": [1.5, 2.5, 3.75]
		},
		"thirdperson_lefthand": {
			"translation": [-1.25, 3.25, 3.75]
		},
		"firstperson_righthand": {
			"rotation": [0, -83.25, 0]
		},
		"firstperson_lefthand": {
			"rotation": [0, -65, 0]
		},
		"ground": {
			"translation": [0, 3.75, 0]
		},
		"gui": {
			"translation": [0.25, 0, 0]
		},
		"fixed": {
			"translation": [0.75, 0, 3.75]
		}
	}
}