{
	"credit": "Made with Blockbench",
	"texture_size": [128, 128],
	"textures": {
		"0": "item/hiefruit",
		"particle": "item/hiefruit"
	},
	"elements": [
		{
			"from": [0, 0, 10],
			"to": [16, 16, 10],
			"faces": {
				"north": {"uv": [16, 0, 0, 16], "texture": "#0"},
				"east": {"uv": [0, 0, 0.25, 2], "texture": "#0"},
				"south": {"uv": [0, 0, 16, 16], "texture": "#0"},
				"west": {"uv": [0, 0, 0.25, 2], "texture": "#0"},
				"up": {"uv": [0, 0, 2, 0.25], "texture": "#0"},
				"down": {"uv": [0, 0, 2, 0.25], "texture": "#0"}
			}
		}
	],
	"gui_light": "front",
	"display": {
		"thirdperson_righthand": {
			"translation": [0, 1.25, -1.25],
			"scale": [0.6, 0.6, 0.6]
		},
		"thirdperson_lefthand": {
			"translation": [0, 0.5, -1.25],
			"scale": [0.6, 0.6, 0.6]
		},
		"firstperson_righthand": {
			"rotation": [0, -58.5, 0],
			"translation": [4.75, 4.5, 0]
		},
		"firstperson_lefthand": {
			"rotation": [0, -71.75, 0],
			"translation": [4.25, 5.25, 0]
		},
		"ground": {
			"translation": [0, 5.75, 0]
		},
		"fixed": {
			"translation": [0, 0, -1.25]
		}
	}
}