{
	"credit": "Made with Blockbench",
	"texture_size": [64, 64],
	"textures": {
		"0": "item/ice",
		"particle": "item/ice"
	},
	"elements": [
		{
			"from": [6.4965, 22.80322, 1.04569],
			"to": [7.4965, 26.10322, 4.34569],
			"rotation": {"angle": 45, "axis": "x", "origin": [6.9965, 19.20322, 7.99569]},
			"faces": {
				"north": {"uv": [0, 14.44, 6.76, 16], "texture": "#0"},
				"east": {"uv": [0, 14.44, 6.76, 16], "texture": "#0"},
				"south": {"uv": [0, 14.44, 6.76, 16], "texture": "#0"},
				"west": {"uv": [0, 14.44, 6.76, 16], "texture": "#0"},
				"up": {"uv": [0, 14.44, 6.76, 16], "texture": "#0"},
				"down": {"uv": [0, 14.44, 6.76, 16], "texture": "#0"}
			}
		},
		{
			"from": [6.4965, 21.80322, 2.04569],
			"to": [7.4965, 25.10322, 5.34569],
			"rotation": {"angle": 45, "axis": "x", "origin": [6.9965, 19.20322, 7.99569]},
			"faces": {
				"north": {"uv": [0, 14.44, 6.76, 16], "texture": "#0"},
				"east": {"uv": [0, 14.44, 6.76, 16], "texture": "#0"},
				"south": {"uv": [0, 14.44, 6.76, 16], "texture": "#0"},
				"west": {"uv": [0, 14.44, 6.76, 16], "texture": "#0"},
				"up": {"uv": [0, 14.44, 6.76, 16], "texture": "#0"},
				"down": {"uv": [0, 14.44, 6.76, 16], "texture": "#0"}
			}
		},
		{
			"from": [6.4965, 20.80322, 3.04569],
			"to": [7.4965, 24.10322, 6.34569],
			"rotation": {"angle": 45, "axis": "x", "origin": [6.9965, 19.20322, 7.99569]},
			"faces": {
				"north": {"uv": [0, 14.44, 6.76, 16], "texture": "#0"},
				"east": {"uv": [0, 14.44, 6.76, 16], "texture": "#0"},
				"south": {"uv": [0, 14.44, 6.76, 16], "texture": "#0"},
				"west": {"uv": [0, 14.44, 6.76, 16], "texture": "#0"},
				"up": {"uv": [0, 14.44, 6.76, 16], "texture": "#0"},
				"down": {"uv": [0, 14.44, 6.76, 16], "texture": "#0"}
			}
		},
		{
			"from": [6.4965, 19.80322, 4.04569],
			"to": [7.4965, 23.10322, 7.34569],
			"rotation": {"angle": 45, "axis": "x", "origin": [6.9965, 19.20322, 7.99569]},
			"faces": {
				"north": {"uv": [0, 14.44, 6.76, 16], "texture": "#0"},
				"east": {"uv": [0, 14.44, 6.76, 16], "texture": "#0"},
				"south": {"uv": [0, 14.44, 6.76, 16], "texture": "#0"},
				"west": {"uv": [0, 14.44, 6.76, 16], "texture": "#0"},
				"up": {"uv": [0, 14.44, 6.76, 16], "texture": "#0"},
				"down": {"uv": [0, 14.44, 6.76, 16], "texture": "#0"}
			}
		},
		{
			"from": [6.4965, 18.80322, 5.04569],
			"to": [7.4965, 22.10322, 8.34569],
			"rotation": {"angle": 45, "axis": "x", "origin": [6.9965, 19.20322, 7.99569]},
			"faces": {
				"north": {"uv": [0, 14.44, 6.76, 16], "texture": "#0"},
				"east": {"uv": [0, 14.44, 6.76, 16], "texture": "#0"},
				"south": {"uv": [0, 14.44, 6.76, 16], "texture": "#0"},
				"west": {"uv": [0, 14.44, 6.76, 16], "texture": "#0"},
				"up": {"uv": [0, 14.44, 6.76, 16], "texture": "#0"},
				"down": {"uv": [0, 14.44, 6.76, 16], "texture": "#0"}
			}
		},
		{
			"from": [6.4965, 17.80322, 6.04569],
			"to": [7.4965, 21.10322, 9.34569],
			"rotation": {"angle": 45, "axis": "x", "origin": [6.9965, 19.20322, 7.99569]},
			"faces": {
				"north": {"uv": [0, 14.44, 6.76, 16], "texture": "#0"},
				"east": {"uv": [0, 14.44, 6.76, 16], "texture": "#0"},
				"south": {"uv": [0, 14.44, 6.76, 16], "texture": "#0"},
				"west": {"uv": [0, 14.44, 6.76, 16], "texture": "#0"},
				"up": {"uv": [0, 14.44, 6.76, 16], "texture": "#0"},
				"down": {"uv": [0, 14.44, 6.76, 16], "texture": "#0"}
			}
		},
		{
			"from": [6.4965, 16.80322, 7.04569],
			"to": [7.4965, 20.10322, 10.34569],
			"rotation": {"angle": 45, "axis": "x", "origin": [6.9965, 19.20322, 7.99569]},
			"faces": {
				"north": {"uv": [0, 14.44, 6.76, 16], "texture": "#0"},
				"east": {"uv": [0, 14.44, 6.76, 16], "texture": "#0"},
				"south": {"uv": [0, 14.44, 6.76, 16], "texture": "#0"},
				"west": {"uv": [0, 14.44, 6.76, 16], "texture": "#0"},
				"up": {"uv": [0, 14.44, 6.76, 16], "texture": "#0"},
				"down": {"uv": [0, 14.44, 6.76, 16], "texture": "#0"}
			}
		},
		{
			"from": [6.4965, 15.80322, 8.04569],
			"to": [7.4965, 19.10322, 11.34569],
			"rotation": {"angle": 45, "axis": "x", "origin": [6.9965, 19.20322, 7.99569]},
			"faces": {
				"north": {"uv": [0, 14.44, 6.76, 16], "texture": "#0"},
				"east": {"uv": [0, 14.44, 6.76, 16], "texture": "#0"},
				"south": {"uv": [0, 14.44, 6.76, 16], "texture": "#0"},
				"west": {"uv": [0, 14.44, 6.76, 16], "texture": "#0"},
				"up": {"uv": [0, 14.44, 6.76, 16], "texture": "#0"},
				"down": {"uv": [0, 14.44, 6.76, 16], "texture": "#0"}
			}
		},
		{
			"from": [6.4965, 14.80322, 9.04569],
			"to": [7.4965, 18.10322, 12.34569],
			"rotation": {"angle": 45, "axis": "x", "origin": [6.9965, 19.20322, 7.99569]},
			"faces": {
				"north": {"uv": [0, 14.44, 6.76, 16], "texture": "#0"},
				"east": {"uv": [0, 14.44, 6.76, 16], "texture": "#0"},
				"south": {"uv": [0, 14.44, 6.76, 16], "texture": "#0"},
				"west": {"uv": [0, 14.44, 6.76, 16], "texture": "#0"},
				"up": {"uv": [0, 14.44, 6.76, 16], "texture": "#0"},
				"down": {"uv": [0, 14.44, 6.76, 16], "texture": "#0"}
			}
		},
		{
			"from": [6.4965, 13.80322, 10.04569],
			"to": [7.4965, 17.10322, 13.34569],
			"rotation": {"angle": 45, "axis": "x", "origin": [6.9965, 19.20322, 7.99569]},
			"faces": {
				"north": {"uv": [0, 14.44, 6.76, 16], "texture": "#0"},
				"east": {"uv": [0, 14.44, 6.76, 16], "texture": "#0"},
				"south": {"uv": [0, 14.44, 6.76, 16], "texture": "#0"},
				"west": {"uv": [0, 14.44, 6.76, 16], "texture": "#0"},
				"up": {"uv": [0, 14.44, 6.76, 16], "texture": "#0"},
				"down": {"uv": [0, 14.44, 6.76, 16], "texture": "#0"}
			}
		},
		{
			"from": [6.4965, 12.80322, 11.04569],
			"to": [7.4965, 16.10322, 14.34569],
			"rotation": {"angle": 45, "axis": "x", "origin": [6.9965, 19.20322, 7.99569]},
			"faces": {
				"north": {"uv": [0, 14.44, 6.76, 16], "texture": "#0"},
				"east": {"uv": [0, 14.44, 6.76, 16], "texture": "#0"},
				"south": {"uv": [0, 14.44, 6.76, 16], "texture": "#0"},
				"west": {"uv": [0, 14.44, 6.76, 16], "texture": "#0"},
				"up": {"uv": [0, 14.44, 6.76, 16], "texture": "#0"},
				"down": {"uv": [0, 14.44, 6.76, 16], "texture": "#0"}
			}
		},
		{
			"from": [6.4965, 11.80322, 12.04569],
			"to": [7.4965, 15.10322, 15.34569],
			"rotation": {"angle": 45, "axis": "x", "origin": [6.9965, 19.20322, 7.99569]},
			"faces": {
				"north": {"uv": [0, 14.44, 6.76, 16], "texture": "#0"},
				"east": {"uv": [0, 14.44, 6.76, 16], "texture": "#0"},
				"south": {"uv": [0, 14.44, 6.76, 16], "texture": "#0"},
				"west": {"uv": [0, 14.44, 6.76, 16], "texture": "#0"},
				"up": {"uv": [0, 14.44, 6.76, 16], "texture": "#0"},
				"down": {"uv": [0, 14.44, 6.76, 16], "texture": "#0"}
			}
		},
		{
			"from": [6.4965, 12.30322, 11.64569],
			"to": [7.4965, 15.60322, 14.94569],
			"rotation": {"angle": 45, "axis": "x", "origin": [6.9965, 19.20322, 7.99569]},
			"faces": {
				"north": {"uv": [0, 14.44, 6.76, 16], "texture": "#0"},
				"east": {"uv": [0, 14.44, 6.76, 16], "texture": "#0"},
				"south": {"uv": [0, 14.44, 6.76, 16], "texture": "#0"},
				"west": {"uv": [0, 14.44, 6.76, 16], "texture": "#0"},
				"up": {"uv": [0, 14.44, 6.76, 16], "texture": "#0"},
				"down": {"uv": [0, 14.44, 6.76, 16], "texture": "#0"}
			}
		},
		{
			"from": [6.4965, 13.30322, 10.64569],
			"to": [7.4965, 16.60322, 13.94569],
			"rotation": {"angle": 45, "axis": "x", "origin": [6.9965, 19.20322, 7.99569]},
			"faces": {
				"north": {"uv": [0, 14.44, 6.76, 16], "texture": "#0"},
				"east": {"uv": [0, 14.44, 6.76, 16], "texture": "#0"},
				"south": {"uv": [0, 14.44, 6.76, 16], "texture": "#0"},
				"west": {"uv": [0, 14.44, 6.76, 16], "texture": "#0"},
				"up": {"uv": [0, 14.44, 6.76, 16], "texture": "#0"},
				"down": {"uv": [0, 14.44, 6.76, 16], "texture": "#0"}
			}
		},
		{
			"from": [6.4965, 14.30322, 9.64569],
			"to": [7.4965, 17.60322, 12.94569],
			"rotation": {"angle": 45, "axis": "x", "origin": [6.9965, 19.20322, 7.99569]},
			"faces": {
				"north": {"uv": [0, 14.44, 6.76, 16], "texture": "#0"},
				"east": {"uv": [0, 14.44, 6.76, 16], "texture": "#0"},
				"south": {"uv": [0, 14.44, 6.76, 16], "texture": "#0"},
				"west": {"uv": [0, 14.44, 6.76, 16], "texture": "#0"},
				"up": {"uv": [0, 14.44, 6.76, 16], "texture": "#0"},
				"down": {"uv": [0, 14.44, 6.76, 16], "texture": "#0"}
			}
		},
		{
			"from": [6.4965, 15.30322, 8.64569],
			"to": [7.4965, 18.60322, 11.94569],
			"rotation": {"angle": 45, "axis": "x", "origin": [6.9965, 19.20322, 7.99569]},
			"faces": {
				"north": {"uv": [0, 14.44, 6.76, 16], "texture": "#0"},
				"east": {"uv": [0, 14.44, 6.76, 16], "texture": "#0"},
				"south": {"uv": [0, 14.44, 6.76, 16], "texture": "#0"},
				"west": {"uv": [0, 14.44, 6.76, 16], "texture": "#0"},
				"up": {"uv": [0, 14.44, 6.76, 16], "texture": "#0"},
				"down": {"uv": [0, 14.44, 6.76, 16], "texture": "#0"}
			}
		},
		{
			"from": [6.4965, 16.30322, 7.64569],
			"to": [7.4965, 19.60322, 10.94569],
			"rotation": {"angle": 45, "axis": "x", "origin": [6.9965, 19.20322, 7.99569]},
			"faces": {
				"north": {"uv": [0, 14.44, 6.76, 16], "texture": "#0"},
				"east": {"uv": [0, 14.44, 6.76, 16], "texture": "#0"},
				"south": {"uv": [0, 14.44, 6.76, 16], "texture": "#0"},
				"west": {"uv": [0, 14.44, 6.76, 16], "texture": "#0"},
				"up": {"uv": [0, 14.44, 6.76, 16], "texture": "#0"},
				"down": {"uv": [0, 14.44, 6.76, 16], "texture": "#0"}
			}
		},
		{
			"from": [6.4965, 17.30322, 6.64569],
			"to": [7.4965, 20.60322, 9.94569],
			"rotation": {"angle": 45, "axis": "x", "origin": [6.9965, 19.20322, 7.99569]},
			"faces": {
				"north": {"uv": [0, 14.44, 6.76, 16], "texture": "#0"},
				"east": {"uv": [0, 14.44, 6.76, 16], "texture": "#0"},
				"south": {"uv": [0, 14.44, 6.76, 16], "texture": "#0"},
				"west": {"uv": [0, 14.44, 6.76, 16], "texture": "#0"},
				"up": {"uv": [0, 14.44, 6.76, 16], "texture": "#0"},
				"down": {"uv": [0, 14.44, 6.76, 16], "texture": "#0"}
			}
		},
		{
			"from": [6.4965, 18.30322, 5.64569],
			"to": [7.4965, 21.60322, 8.94569],
			"rotation": {"angle": 45, "axis": "x", "origin": [6.9965, 19.20322, 7.99569]},
			"faces": {
				"north": {"uv": [0, 14.44, 6.76, 16], "texture": "#0"},
				"east": {"uv": [0, 14.44, 6.76, 16], "texture": "#0"},
				"south": {"uv": [0, 14.44, 6.76, 16], "texture": "#0"},
				"west": {"uv": [0, 14.44, 6.76, 16], "texture": "#0"},
				"up": {"uv": [0, 14.44, 6.76, 16], "texture": "#0"},
				"down": {"uv": [0, 14.44, 6.76, 16], "texture": "#0"}
			}
		},
		{
			"from": [6.4965, 19.30322, 4.64569],
			"to": [7.4965, 22.60322, 7.94569],
			"rotation": {"angle": 45, "axis": "x", "origin": [6.9965, 19.20322, 7.99569]},
			"faces": {
				"north": {"uv": [0, 14.44, 6.76, 16], "texture": "#0"},
				"east": {"uv": [0, 14.44, 6.76, 16], "texture": "#0"},
				"south": {"uv": [0, 14.44, 6.76, 16], "texture": "#0"},
				"west": {"uv": [0, 14.44, 6.76, 16], "texture": "#0"},
				"up": {"uv": [0, 14.44, 6.76, 16], "texture": "#0"},
				"down": {"uv": [0, 14.44, 6.76, 16], "texture": "#0"}
			}
		},
		{
			"from": [6.4965, 20.30322, 3.64569],
			"to": [7.4965, 23.60322, 6.94569],
			"rotation": {"angle": 45, "axis": "x", "origin": [6.9965, 19.20322, 7.99569]},
			"faces": {
				"north": {"uv": [0, 14.44, 6.76, 16], "texture": "#0"},
				"east": {"uv": [0, 14.44, 6.76, 16], "texture": "#0"},
				"south": {"uv": [0, 14.44, 6.76, 16], "texture": "#0"},
				"west": {"uv": [0, 14.44, 6.76, 16], "texture": "#0"},
				"up": {"uv": [0, 14.44, 6.76, 16], "texture": "#0"},
				"down": {"uv": [0, 14.44, 6.76, 16], "texture": "#0"}
			}
		},
		{
			"from": [6.4965, 21.30322, 2.64569],
			"to": [7.4965, 24.60322, 5.94569],
			"rotation": {"angle": 45, "axis": "x", "origin": [6.9965, 19.20322, 7.99569]},
			"faces": {
				"north": {"uv": [0, 14.44, 6.76, 16], "texture": "#0"},
				"east": {"uv": [0, 14.44, 6.76, 16], "texture": "#0"},
				"south": {"uv": [0, 14.44, 6.76, 16], "texture": "#0"},
				"west": {"uv": [0, 14.44, 6.76, 16], "texture": "#0"},
				"up": {"uv": [0, 14.44, 6.76, 16], "texture": "#0"},
				"down": {"uv": [0, 14.44, 6.76, 16], "texture": "#0"}
			}
		},
		{
			"from": [6.4965, 22.30322, 1.64569],
			"to": [7.4965, 25.60322, 4.94569],
			"rotation": {"angle": 45, "axis": "x", "origin": [6.9965, 19.20322, 7.99569]},
			"faces": {
				"north": {"uv": [0, 14.44, 6.76, 16], "texture": "#0"},
				"east": {"uv": [0, 14.44, 6.76, 16], "texture": "#0"},
				"south": {"uv": [0, 14.44, 6.76, 16], "texture": "#0"},
				"west": {"uv": [0, 14.44, 6.76, 16], "texture": "#0"},
				"up": {"uv": [0, 14.44, 6.76, 16], "texture": "#0"},
				"down": {"uv": [0, 14.44, 6.76, 16], "texture": "#0"}
			}
		},
		{
			"from": [3.50153, 21.16188, 5.9965],
			"to": [4.50153, 22.16188, 9.9965],
			"rotation": {"angle": -45, "axis": "z", "origin": [7.00153, 18.66188, 7.9965]},
			"faces": {
				"north": {"uv": [0, 14.44, 6.76, 16], "texture": "#0"},
				"east": {"uv": [0, 14.44, 6.76, 16], "texture": "#0"},
				"south": {"uv": [0, 14.44, 6.76, 16], "texture": "#0"},
				"west": {"uv": [0, 14.44, 6.76, 16], "texture": "#0"},
				"up": {"uv": [0, 14.44, 6.76, 16], "texture": "#0"},
				"down": {"uv": [0, 14.44, 6.76, 16], "texture": "#0"}
			}
		},
		{
			"from": [12.50153, 12.16188, 5.9965],
			"to": [13.50153, 13.16188, 9.9965],
			"rotation": {"angle": -45, "axis": "z", "origin": [7.00153, 18.66188, 7.9965]},
			"faces": {
				"north": {"uv": [0, 14.44, 6.76, 16], "texture": "#0"},
				"east": {"uv": [0, 14.44, 6.76, 16], "texture": "#0"},
				"south": {"uv": [0, 14.44, 6.76, 16], "texture": "#0"},
				"west": {"uv": [0, 14.44, 6.76, 16], "texture": "#0"},
				"up": {"uv": [0, 14.44, 6.76, 16], "texture": "#0"},
				"down": {"uv": [0, 14.44, 6.76, 16], "texture": "#0"}
			}
		},
		{
			"from": [11.50153, 13.16188, 5.9965],
			"to": [12.50153, 14.16188, 9.9965],
			"rotation": {"angle": -45, "axis": "z", "origin": [7.00153, 18.66188, 7.9965]},
			"faces": {
				"north": {"uv": [0, 14.44, 6.76, 16], "texture": "#0"},
				"east": {"uv": [0, 14.44, 6.76, 16], "texture": "#0"},
				"south": {"uv": [0, 14.44, 6.76, 16], "texture": "#0"},
				"west": {"uv": [0, 14.44, 6.76, 16], "texture": "#0"},
				"up": {"uv": [0, 14.44, 6.76, 16], "texture": "#0"},
				"down": {"uv": [0, 14.44, 6.76, 16], "texture": "#0"}
			}
		},
		{
			"from": [10.50153, 14.16188, 5.9965],
			"to": [11.50153, 15.16188, 9.9965],
			"rotation": {"angle": -45, "axis": "z", "origin": [7.00153, 18.66188, 7.9965]},
			"faces": {
				"north": {"uv": [0, 14.44, 6.76, 16], "texture": "#0"},
				"east": {"uv": [0, 14.44, 6.76, 16], "texture": "#0"},
				"south": {"uv": [0, 14.44, 6.76, 16], "texture": "#0"},
				"west": {"uv": [0, 14.44, 6.76, 16], "texture": "#0"},
				"up": {"uv": [0, 14.44, 6.76, 16], "texture": "#0"},
				"down": {"uv": [0, 14.44, 6.76, 16], "texture": "#0"}
			}
		},
		{
			"from": [9.50153, 15.16188, 5.9965],
			"to": [10.50153, 16.16188, 9.9965],
			"rotation": {"angle": -45, "axis": "z", "origin": [7.00153, 18.66188, 7.9965]},
			"faces": {
				"north": {"uv": [0, 14.44, 6.76, 16], "texture": "#0"},
				"east": {"uv": [0, 14.44, 6.76, 16], "texture": "#0"},
				"south": {"uv": [0, 14.44, 6.76, 16], "texture": "#0"},
				"west": {"uv": [0, 14.44, 6.76, 16], "texture": "#0"},
				"up": {"uv": [0, 14.44, 6.76, 16], "texture": "#0"},
				"down": {"uv": [0, 14.44, 6.76, 16], "texture": "#0"}
			}
		},
		{
			"from": [8.50153, 16.16188, 5.9965],
			"to": [9.50153, 17.16188, 9.9965],
			"rotation": {"angle": -45, "axis": "z", "origin": [7.00153, 18.66188, 7.9965]},
			"faces": {
				"north": {"uv": [0, 14.44, 6.76, 16], "texture": "#0"},
				"east": {"uv": [0, 14.44, 6.76, 16], "texture": "#0"},
				"south": {"uv": [0, 14.44, 6.76, 16], "texture": "#0"},
				"west": {"uv": [0, 14.44, 6.76, 16], "texture": "#0"},
				"up": {"uv": [0, 14.44, 6.76, 16], "texture": "#0"},
				"down": {"uv": [0, 14.44, 6.76, 16], "texture": "#0"}
			}
		},
		{
			"from": [7.50153, 17.16188, 5.9965],
			"to": [8.50153, 18.16188, 9.9965],
			"rotation": {"angle": -45, "axis": "z", "origin": [7.00153, 18.66188, 7.9965]},
			"faces": {
				"north": {"uv": [0, 14.44, 6.76, 16], "texture": "#0"},
				"east": {"uv": [0, 14.44, 6.76, 16], "texture": "#0"},
				"south": {"uv": [0, 14.44, 6.76, 16], "texture": "#0"},
				"west": {"uv": [0, 14.44, 6.76, 16], "texture": "#0"},
				"up": {"uv": [0, 14.44, 6.76, 16], "texture": "#0"},
				"down": {"uv": [0, 14.44, 6.76, 16], "texture": "#0"}
			}
		},
		{
			"from": [6.50153, 18.16188, 5.9965],
			"to": [7.50153, 19.16188, 9.9965],
			"rotation": {"angle": -45, "axis": "z", "origin": [7.00153, 18.66188, 7.9965]},
			"faces": {
				"north": {"uv": [0, 14.44, 6.76, 16], "texture": "#0"},
				"east": {"uv": [0, 14.44, 6.76, 16], "texture": "#0"},
				"south": {"uv": [0, 14.44, 6.76, 16], "texture": "#0"},
				"west": {"uv": [0, 14.44, 6.76, 16], "texture": "#0"},
				"up": {"uv": [0, 14.44, 6.76, 16], "texture": "#0"},
				"down": {"uv": [0, 14.44, 6.76, 16], "texture": "#0"}
			}
		},
		{
			"from": [5.50153, 19.16188, 5.9965],
			"to": [6.50153, 20.16188, 9.9965],
			"rotation": {"angle": -45, "axis": "z", "origin": [7.00153, 18.66188, 7.9965]},
			"faces": {
				"north": {"uv": [0, 14.44, 6.76, 16], "texture": "#0"},
				"east": {"uv": [0, 14.44, 6.76, 16], "texture": "#0"},
				"south": {"uv": [0, 14.44, 6.76, 16], "texture": "#0"},
				"west": {"uv": [0, 14.44, 6.76, 16], "texture": "#0"},
				"up": {"uv": [0, 14.44, 6.76, 16], "texture": "#0"},
				"down": {"uv": [0, 14.44, 6.76, 16], "texture": "#0"}
			}
		},
		{
			"from": [4.50153, 20.16188, 5.9965],
			"to": [5.50153, 21.16188, 9.9965],
			"rotation": {"angle": -45, "axis": "z", "origin": [7.00153, 18.66188, 7.9965]},
			"faces": {
				"north": {"uv": [0, 14.44, 6.76, 16], "texture": "#0"},
				"east": {"uv": [0, 14.44, 6.76, 16], "texture": "#0"},
				"south": {"uv": [0, 14.44, 6.76, 16], "texture": "#0"},
				"west": {"uv": [0, 14.44, 6.76, 16], "texture": "#0"},
				"up": {"uv": [0, 14.44, 6.76, 16], "texture": "#0"},
				"down": {"uv": [0, 14.44, 6.76, 16], "texture": "#0"}
			}
		},
		{
			"from": [2.50153, 22.16188, 5.9965],
			"to": [3.50153, 23.16188, 9.9965],
			"rotation": {"angle": -45, "axis": "z", "origin": [7.00153, 18.66188, 7.9965]},
			"faces": {
				"north": {"uv": [0, 14.44, 6.76, 16], "texture": "#0"},
				"east": {"uv": [0, 14.44, 6.76, 16], "texture": "#0"},
				"south": {"uv": [0, 14.44, 6.76, 16], "texture": "#0"},
				"west": {"uv": [0, 14.44, 6.76, 16], "texture": "#0"},
				"up": {"uv": [0, 14.44, 6.76, 16], "texture": "#0"},
				"down": {"uv": [0, 14.44, 6.76, 16], "texture": "#0"}
			}
		},
		{
			"from": [1.50153, 23.16188, 5.9965],
			"to": [2.50153, 24.16188, 9.9965],
			"rotation": {"angle": -45, "axis": "z", "origin": [7.00153, 18.66188, 7.9965]},
			"faces": {
				"north": {"uv": [0, 14.44, 6.76, 16], "texture": "#0"},
				"east": {"uv": [0, 14.44, 6.76, 16], "texture": "#0"},
				"south": {"uv": [0, 14.44, 6.76, 16], "texture": "#0"},
				"west": {"uv": [0, 14.44, 6.76, 16], "texture": "#0"},
				"up": {"uv": [0, 14.44, 6.76, 16], "texture": "#0"},
				"down": {"uv": [0, 14.44, 6.76, 16], "texture": "#0"}
			}
		},
		{
			"from": [0.50153, 24.16188, 5.9965],
			"to": [1.50153, 25.16188, 9.9965],
			"rotation": {"angle": -45, "axis": "z", "origin": [7.00153, 18.66188, 7.9965]},
			"faces": {
				"north": {"uv": [0, 14.44, 6.76, 16], "texture": "#0"},
				"east": {"uv": [0, 14.44, 6.76, 16], "texture": "#0"},
				"south": {"uv": [0, 14.44, 6.76, 16], "texture": "#0"},
				"west": {"uv": [0, 14.44, 6.76, 16], "texture": "#0"},
				"up": {"uv": [0, 14.44, 6.76, 16], "texture": "#0"},
				"down": {"uv": [0, 14.44, 6.76, 16], "texture": "#0"}
			}
		},
		{
			"from": [6.6665, 9.07185, 7.23767],
			"to": [7.3265, 9.59735, 10.74767],
			"rotation": {"angle": -22.5, "axis": "x", "origin": [7, 16.10247, 7.9965]},
			"faces": {
				"north": {"uv": [0, 0.56, 4.98, 16], "texture": "#0"},
				"east": {"uv": [0, 0.56, 4.98, 16], "texture": "#0"},
				"south": {"uv": [0, 0.56, 4.98, 16], "texture": "#0"},
				"west": {"uv": [0, 0.56, 4.98, 16], "texture": "#0"},
				"up": {"uv": [0, 0.56, 4.98, 16], "texture": "#0"},
				"down": {"uv": [0, 0.56, 4.98, 16], "texture": "#0"}
			}
		},
		{
			"from": [6.485, 4, 7.485],
			"to": [7.508, 8.02, 8.508],
			"rotation": {"angle": 0, "axis": "y", "origin": [7, 16.10247, 7.9965]},
			"faces": {
				"north": {"uv": [0, 0.56, 4.98, 16], "texture": "#0"},
				"east": {"uv": [0, 0.56, 4.98, 16], "texture": "#0"},
				"south": {"uv": [0, 0.56, 4.98, 16], "texture": "#0"},
				"west": {"uv": [0, 0.56, 4.98, 16], "texture": "#0"},
				"up": {"uv": [0, 0.56, 4.98, 16], "texture": "#0"},
				"down": {"uv": [0, 0.56, 4.98, 16], "texture": "#0"}
			}
		},
		{
			"from": [6.235, 3.975, 7.235],
			"to": [7.758, 5.27, 8.758],
			"rotation": {"angle": 0, "axis": "y", "origin": [7, 16.10247, 7.9965]},
			"faces": {
				"north": {"uv": [0, 0.56, 4.98, 16], "texture": "#0"},
				"east": {"uv": [0, 0.56, 4.98, 16], "texture": "#0"},
				"south": {"uv": [0, 0.56, 4.98, 16], "texture": "#0"},
				"west": {"uv": [0, 0.56, 4.98, 16], "texture": "#0"},
				"up": {"uv": [0, 0.56, 4.98, 16], "texture": "#0"},
				"down": {"uv": [0, 0.56, 4.98, 16], "texture": "#0"}
			}
		},
		{
			"from": [6.3965, 9.36, 6.8215],
			"to": [7.5965, 27.76, 9.1715],
			"rotation": {"angle": 0, "axis": "y", "origin": [7, 16.10247, 7.9965]},
			"faces": {
				"north": {"uv": [0, 0.56, 4.98, 16], "texture": "#0"},
				"east": {"uv": [0, 0.56, 4.98, 16], "texture": "#0"},
				"south": {"uv": [0, 0.56, 4.98, 16], "texture": "#0"},
				"west": {"uv": [0, 0.56, 4.98, 16], "texture": "#0"},
				"up": {"uv": [0, 0.56, 4.98, 16], "texture": "#0"},
				"down": {"uv": [0, 0.56, 4.98, 16], "texture": "#0"}
			}
		},
		{
			"from": [6.4965, 22.69445, -1.64664],
			"to": [7.4965, 25.69445, 1.35336],
			"rotation": {"angle": 45, "axis": "x", "origin": [7, 16.10247, 7.9965]},
			"faces": {
				"north": {"uv": [0, 0.56, 4.98, 16], "texture": "#0"},
				"east": {"uv": [0, 0.56, 4.98, 16], "texture": "#0"},
				"south": {"uv": [0, 0.56, 4.98, 16], "texture": "#0"},
				"west": {"uv": [0, 0.56, 4.98, 16], "texture": "#0"},
				"up": {"uv": [0, 0.56, 4.98, 16], "texture": "#0"},
				"down": {"uv": [0, 0.56, 4.98, 16], "texture": "#0"}
			}
		},
		{
			"from": [5.8605, 11.63185, 11.03556],
			"to": [8.1465, 13.05185, 12.45556],
			"rotation": {"angle": 45, "axis": "x", "origin": [7, 16.10247, 7.9965]},
			"faces": {
				"north": {"uv": [0, 0.56, 4.98, 16], "texture": "#0"},
				"east": {"uv": [0, 0.56, 4.98, 16], "texture": "#0"},
				"south": {"uv": [0, 0.56, 4.98, 16], "texture": "#0"},
				"west": {"uv": [0, 0.56, 4.98, 16], "texture": "#0"},
				"up": {"uv": [0, 0.56, 4.98, 16], "texture": "#0"},
				"down": {"uv": [0, 0.56, 4.98, 16], "texture": "#0"}
			}
		},
		{
			"from": [6.3665, 8.02, 6.9915],
			"to": [7.6265, 10.7955, 9.0015],
			"rotation": {"angle": 0, "axis": "y", "origin": [7, 16.10247, 7.9965]},
			"faces": {
				"north": {"uv": [0, 0.56, 4.98, 16], "texture": "#0"},
				"east": {"uv": [0, 0.56, 4.98, 16], "texture": "#0"},
				"south": {"uv": [0, 0.56, 4.98, 16], "texture": "#0"},
				"west": {"uv": [0, 0.56, 4.98, 16], "texture": "#0"},
				"up": {"uv": [0, 0.56, 4.98, 16], "texture": "#0"},
				"down": {"uv": [0, 0.56, 4.98, 16], "texture": "#0"}
			}
		},
		{
			"from": [6.6665, 9.07185, 6.24533],
			"to": [7.3265, 10.59735, 9.75533],
			"rotation": {"angle": 22.5, "axis": "x", "origin": [7, 16.10247, 7.9965]},
			"faces": {
				"north": {"uv": [0, 0.56, 4.98, 16], "texture": "#0"},
				"east": {"uv": [0, 0.56, 4.98, 16], "texture": "#0"},
				"south": {"uv": [0, 0.56, 4.98, 16], "texture": "#0"},
				"west": {"uv": [0, 0.56, 4.98, 16], "texture": "#0"},
				"up": {"uv": [0, 0.56, 4.98, 16], "texture": "#0"},
				"down": {"uv": [0, 0.56, 4.98, 16], "texture": "#0"}
			}
		},
		{
			"from": [6.6665, 9.07185, 5.24533],
			"to": [7.3265, 9.59735, 8.75533],
			"rotation": {"angle": 22.5, "axis": "x", "origin": [7, 16.10247, 7.9965]},
			"faces": {
				"north": {"uv": [0, 0.56, 4.98, 16], "texture": "#0"},
				"east": {"uv": [0, 0.56, 4.98, 16], "texture": "#0"},
				"south": {"uv": [0, 0.56, 4.98, 16], "texture": "#0"},
				"west": {"uv": [0, 0.56, 4.98, 16], "texture": "#0"},
				"up": {"uv": [0, 0.56, 4.98, 16], "texture": "#0"},
				"down": {"uv": [0, 0.56, 4.98, 16], "texture": "#0"}
			}
		},
		{
			"from": [6.6665, 9.07185, 6.19267],
			"to": [7.3265, 10.59735, 9.70267],
			"rotation": {"angle": -22.5, "axis": "x", "origin": [7, 16.10247, 7.9965]},
			"faces": {
				"north": {"uv": [0, 0.56, 4.98, 16], "texture": "#0"},
				"east": {"uv": [0, 0.56, 4.98, 16], "texture": "#0"},
				"south": {"uv": [0, 0.56, 4.98, 16], "texture": "#0"},
				"west": {"uv": [0, 0.56, 4.98, 16], "texture": "#0"},
				"up": {"uv": [0, 0.56, 4.98, 16], "texture": "#0"},
				"down": {"uv": [0, 0.56, 4.98, 16], "texture": "#0"}
			}
		},
		{
			"from": [5.9, 3.9, 10],
			"to": [10.1, 8.1, 20.1],
			"faces": {
				"north": {"uv": [0, 13.68, 4.58, 16], "texture": "#0"},
				"east": {"uv": [0, 13.68, 4.58, 16], "texture": "#0"},
				"south": {"uv": [0, 13.68, 4.58, 16], "texture": "#0"},
				"west": {"uv": [0, 13.68, 4.58, 16], "texture": "#0"},
				"up": {"uv": [0, 13.68, 4.58, 16], "texture": "#0"},
				"down": {"uv": [0, 13.68, 4.58, 16], "texture": "#0"}
			}
		},
		{
			"from": [5.5, 3.5, 7],
			"to": [10.5, 8.5, 13],
			"faces": {
				"north": {"uv": [0, 13.68, 4.58, 16], "texture": "#0"},
				"east": {"uv": [0, 13.68, 4.58, 16], "texture": "#0"},
				"south": {"uv": [0, 13.68, 4.58, 16], "texture": "#0"},
				"west": {"uv": [0, 13.68, 4.58, 16], "texture": "#0"},
				"up": {"uv": [0, 13.68, 4.58, 16], "texture": "#0"},
				"down": {"uv": [0, 13.68, 4.58, 16], "texture": "#0"}
			}
		},
		{
			"from": [5.5, 3.5, 16],
			"to": [10.5, 8.5, 20],
			"faces": {
				"north": {"uv": [0, 13.68, 4.58, 16], "texture": "#0"},
				"east": {"uv": [0, 13.68, 4.58, 16], "texture": "#0"},
				"south": {"uv": [0, 13.68, 4.58, 16], "texture": "#0"},
				"west": {"uv": [0, 13.68, 4.58, 16], "texture": "#0"},
				"up": {"uv": [0, 13.68, 4.58, 16], "texture": "#0"},
				"down": {"uv": [0, 13.68, 4.58, 16], "texture": "#0"}
			}
		},
		{
			"from": [7, 7.1, 6],
			"to": [11, 9, 7],
			"faces": {
				"north": {"uv": [0, 13.68, 4.58, 16], "texture": "#0"},
				"east": {"uv": [0, 13.68, 4.58, 16], "texture": "#0"},
				"south": {"uv": [0, 13.68, 4.58, 16], "texture": "#0"},
				"west": {"uv": [0, 13.68, 4.58, 16], "texture": "#0"},
				"up": {"uv": [0, 13.68, 4.58, 16], "texture": "#0"},
				"down": {"uv": [0, 13.68, 4.58, 16], "texture": "#0"}
			}
		},
		{
			"from": [7, 3, 6],
			"to": [11, 4.9, 7],
			"faces": {
				"north": {"uv": [0, 13.68, 4.58, 16], "texture": "#0"},
				"east": {"uv": [0, 13.68, 4.58, 16], "texture": "#0"},
				"south": {"uv": [0, 13.68, 4.58, 16], "texture": "#0"},
				"west": {"uv": [0, 13.68, 4.58, 16], "texture": "#0"},
				"up": {"uv": [0, 13.68, 4.58, 16], "texture": "#0"},
				"down": {"uv": [0, 13.68, 4.58, 16], "texture": "#0"}
			}
		},
		{
			"from": [7, 5, 6],
			"to": [11, 7, 7],
			"faces": {
				"north": {"uv": [0, 13.68, 4.58, 16], "texture": "#0"},
				"east": {"uv": [0, 13.68, 4.58, 16], "texture": "#0"},
				"south": {"uv": [0, 13.68, 4.58, 16], "texture": "#0"},
				"west": {"uv": [0, 13.68, 4.58, 16], "texture": "#0"},
				"up": {"uv": [0, 13.68, 4.58, 16], "texture": "#0"},
				"down": {"uv": [0, 13.68, 4.58, 16], "texture": "#0"}
			}
		},
		{
			"from": [5.7, 3, 6],
			"to": [6.7, 9, 7],
			"faces": {
				"north": {"uv": [0, 13.68, 4.58, 16], "texture": "#0"},
				"east": {"uv": [0, 13.68, 4.58, 16], "texture": "#0"},
				"south": {"uv": [0, 13.68, 4.58, 16], "texture": "#0"},
				"west": {"uv": [0, 13.68, 4.58, 16], "texture": "#0"},
				"up": {"uv": [0, 13.68, 4.58, 16], "texture": "#0"},
				"down": {"uv": [0, 13.68, 4.58, 16], "texture": "#0"}
			}
		},
		{
			"from": [6, 13, 13],
			"to": [8, 18, 15],
			"rotation": {"angle": 22.5, "axis": "x", "origin": [0, 0, 0]},
			"faces": {
				"north": {"uv": [0, 13.68, 4.58, 16], "texture": "#0"},
				"east": {"uv": [0, 13.68, 4.58, 16], "texture": "#0"},
				"south": {"uv": [0, 13.68, 4.58, 16], "texture": "#0"},
				"west": {"uv": [0, 13.68, 4.58, 16], "texture": "#0"},
				"up": {"uv": [0, 13.68, 4.58, 16], "texture": "#0"},
				"down": {"uv": [0, 13.68, 4.58, 16], "texture": "#0"}
			}
		},
		{
			"from": [9, 8, 19],
			"to": [11, 13, 21],
			"rotation": {"angle": 22.5, "axis": "x", "origin": [12, 13, 13]},
			"faces": {
				"north": {"uv": [0, 13.68, 4.58, 16], "texture": "#0"},
				"east": {"uv": [0, 13.68, 4.58, 16], "texture": "#0"},
				"south": {"uv": [0, 13.68, 4.58, 16], "texture": "#0"},
				"west": {"uv": [0, 13.68, 4.58, 16], "texture": "#0"},
				"up": {"uv": [0, 13.68, 4.58, 16], "texture": "#0"},
				"down": {"uv": [0, 13.68, 4.58, 16], "texture": "#0"}
			}
		},
		{
			"from": [7, 8, 18],
			"to": [9, 13, 20],
			"rotation": {"angle": 22.5, "axis": "x", "origin": [12, 13, 13]},
			"faces": {
				"north": {"uv": [0, 13.68, 4.58, 16], "texture": "#0"},
				"east": {"uv": [0, 13.68, 4.58, 16], "texture": "#0"},
				"south": {"uv": [0, 13.68, 4.58, 16], "texture": "#0"},
				"west": {"uv": [0, 13.68, 4.58, 16], "texture": "#0"},
				"up": {"uv": [0, 13.68, 4.58, 16], "texture": "#0"},
				"down": {"uv": [0, 13.68, 4.58, 16], "texture": "#0"}
			}
		},
		{
			"from": [5.5, 10, 19],
			"to": [7.5, 15, 21],
			"rotation": {"angle": 45, "axis": "x", "origin": [12, 13, 13]},
			"faces": {
				"north": {"uv": [0, 13.68, 4.58, 16], "texture": "#0"},
				"east": {"uv": [0, 13.68, 4.58, 16], "texture": "#0"},
				"south": {"uv": [0, 13.68, 4.58, 16], "texture": "#0"},
				"west": {"uv": [0, 13.68, 4.58, 16], "texture": "#0"},
				"up": {"uv": [0, 13.68, 4.58, 16], "texture": "#0"},
				"down": {"uv": [0, 13.68, 4.58, 16], "texture": "#0"}
			}
		},
		{
			"from": [11, 4, 15],
			"to": [13, 6, 20],
			"rotation": {"angle": 45, "axis": "y", "origin": [13, 5, 18.5]},
			"faces": {
				"north": {"uv": [0, 13.68, 4.58, 16], "texture": "#0"},
				"east": {"uv": [0, 13.68, 4.58, 16], "texture": "#0"},
				"south": {"uv": [0, 13.68, 4.58, 16], "texture": "#0"},
				"west": {"uv": [0, 13.68, 4.58, 16], "texture": "#0"},
				"up": {"uv": [0, 13.68, 4.58, 16], "texture": "#0"},
				"down": {"uv": [0, 13.68, 4.58, 16], "texture": "#0"}
			}
		},
		{
			"from": [10, 6, 15],
			"to": [12, 8, 20],
			"rotation": {"angle": 45, "axis": "y", "origin": [13, 5, 18.5]},
			"faces": {
				"north": {"uv": [0, 13.68, 4.58, 16], "texture": "#0"},
				"east": {"uv": [0, 13.68, 4.58, 16], "texture": "#0"},
				"south": {"uv": [0, 13.68, 4.58, 16], "texture": "#0"},
				"west": {"uv": [0, 13.68, 4.58, 16], "texture": "#0"},
				"up": {"uv": [0, 13.68, 4.58, 16], "texture": "#0"},
				"down": {"uv": [0, 13.68, 4.58, 16], "texture": "#0"}
			}
		},
		{
			"from": [10, 2, 15],
			"to": [12, 4, 20],
			"rotation": {"angle": 45, "axis": "y", "origin": [13, 5, 18.5]},
			"faces": {
				"north": {"uv": [0, 13.68, 4.58, 16], "texture": "#0"},
				"east": {"uv": [0, 13.68, 4.58, 16], "texture": "#0"},
				"south": {"uv": [0, 13.68, 4.58, 16], "texture": "#0"},
				"west": {"uv": [0, 13.68, 4.58, 16], "texture": "#0"},
				"up": {"uv": [0, 13.68, 4.58, 16], "texture": "#0"},
				"down": {"uv": [0, 13.68, 4.58, 16], "texture": "#0"}
			}
		},
		{
			"from": [8.17157, 0.5, 16.91421],
			"to": [10.17157, 5.5, 18.91421],
			"rotation": {"angle": -22.5, "axis": "x", "origin": [10.17157, 3, 19.91421]},
			"faces": {
				"north": {"uv": [0, 13.68, 4.58, 16], "texture": "#0"},
				"east": {"uv": [0, 13.68, 4.58, 16], "texture": "#0"},
				"south": {"uv": [0, 13.68, 4.58, 16], "texture": "#0"},
				"west": {"uv": [0, 13.68, 4.58, 16], "texture": "#0"},
				"up": {"uv": [0, 13.68, 4.58, 16], "texture": "#0"},
				"down": {"uv": [0, 13.68, 4.58, 16], "texture": "#0"}
			}
		},
		{
			"from": [7.17157, 0.5, 17.91421],
			"to": [9.17157, 5.5, 19.91421],
			"rotation": {"angle": -22.5, "axis": "x", "origin": [10.17157, 3, 19.91421]},
			"faces": {
				"north": {"uv": [0, 13.68, 4.58, 16], "texture": "#0"},
				"east": {"uv": [0, 13.68, 4.58, 16], "texture": "#0"},
				"south": {"uv": [0, 13.68, 4.58, 16], "texture": "#0"},
				"west": {"uv": [0, 13.68, 4.58, 16], "texture": "#0"},
				"up": {"uv": [0, 13.68, 4.58, 16], "texture": "#0"},
				"down": {"uv": [0, 13.68, 4.58, 16], "texture": "#0"}
			}
		},
		{
			"from": [5.5, 1.5, 16.91421],
			"to": [7.5, 6.5, 18.91421],
			"rotation": {"angle": -22.5, "axis": "x", "origin": [10.17157, 3, 19.91421]},
			"faces": {
				"north": {"uv": [0, 13.68, 4.58, 16], "texture": "#0"},
				"east": {"uv": [0, 13.68, 4.58, 16], "texture": "#0"},
				"south": {"uv": [0, 13.68, 4.58, 16], "texture": "#0"},
				"west": {"uv": [0, 13.68, 4.58, 16], "texture": "#0"},
				"up": {"uv": [0, 13.68, 4.58, 16], "texture": "#0"},
				"down": {"uv": [0, 13.68, 4.58, 16], "texture": "#0"}
			}
		},
		{
			"from": [9, 5, 19],
			"to": [11, 8, 22],
			"rotation": {"angle": 45, "axis": "x", "origin": [8, 7, 21]},
			"faces": {
				"north": {"uv": [0, 13.68, 4.58, 16], "texture": "#0"},
				"east": {"uv": [0, 13.68, 4.58, 16], "texture": "#0"},
				"south": {"uv": [0, 13.68, 4.58, 16], "texture": "#0"},
				"west": {"uv": [0, 13.68, 4.58, 16], "texture": "#0"},
				"up": {"uv": [0, 13.68, 4.58, 16], "texture": "#0"},
				"down": {"uv": [0, 13.68, 4.58, 16], "texture": "#0"}
			}
		},
		{
			"from": [8, 2, 21],
			"to": [10, 5, 24],
			"rotation": {"angle": 45, "axis": "x", "origin": [8, 7, 21]},
			"faces": {
				"north": {"uv": [0, 13.68, 4.58, 16], "texture": "#0"},
				"east": {"uv": [0, 13.68, 4.58, 16], "texture": "#0"},
				"south": {"uv": [0, 13.68, 4.58, 16], "texture": "#0"},
				"west": {"uv": [0, 13.68, 4.58, 16], "texture": "#0"},
				"up": {"uv": [0, 13.68, 4.58, 16], "texture": "#0"},
				"down": {"uv": [0, 13.68, 4.58, 16], "texture": "#0"}
			}
		},
		{
			"from": [8.5, 1.96447, 18.58579],
			"to": [11.5, 4.96447, 20.58579],
			"rotation": {"angle": -22.5, "axis": "y", "origin": [9, 3.46447, 19.58579]},
			"faces": {
				"north": {"uv": [0, 13.68, 4.58, 16], "texture": "#0"},
				"east": {"uv": [0, 13.68, 4.58, 16], "texture": "#0"},
				"south": {"uv": [0, 13.68, 4.58, 16], "texture": "#0"},
				"west": {"uv": [0, 13.68, 4.58, 16], "texture": "#0"},
				"up": {"uv": [0, 13.68, 4.58, 16], "texture": "#0"},
				"down": {"uv": [0, 13.68, 4.58, 16], "texture": "#0"}
			}
		},
		{
			"from": [6, 6, 19],
			"to": [10, 9, 22],
			"rotation": {"angle": -22.5, "axis": "x", "origin": [8, 7, 21]},
			"faces": {
				"north": {"uv": [0, 13.68, 4.58, 16], "texture": "#0"},
				"east": {"uv": [0, 13.68, 4.58, 16], "texture": "#0"},
				"south": {"uv": [0, 13.68, 4.58, 16], "texture": "#0"},
				"west": {"uv": [0, 13.68, 4.58, 16], "texture": "#0"},
				"up": {"uv": [0, 13.68, 4.58, 16], "texture": "#0"},
				"down": {"uv": [0, 13.68, 4.58, 16], "texture": "#0"}
			}
		},
		{
			"from": [6, 3, 17],
			"to": [10, 6, 20],
			"rotation": {"angle": -22.5, "axis": "x", "origin": [8, 7, 21]},
			"faces": {
				"north": {"uv": [0, 13.68, 4.58, 16], "texture": "#0"},
				"east": {"uv": [0, 13.68, 4.58, 16], "texture": "#0"},
				"south": {"uv": [0, 13.68, 4.58, 16], "texture": "#0"},
				"west": {"uv": [0, 13.68, 4.58, 16], "texture": "#0"},
				"up": {"uv": [0, 13.68, 4.58, 16], "texture": "#0"},
				"down": {"uv": [0, 13.68, 4.58, 16], "texture": "#0"}
			}
		},
		{
			"from": [7, 4, 19],
			"to": [9, 7, 22],
			"rotation": {"angle": 45, "axis": "x", "origin": [8, 7, 21]},
			"faces": {
				"north": {"uv": [0, 13.68, 4.58, 16], "texture": "#0"},
				"east": {"uv": [0, 13.68, 4.58, 16], "texture": "#0"},
				"south": {"uv": [0, 13.68, 4.58, 16], "texture": "#0"},
				"west": {"uv": [0, 13.68, 4.58, 16], "texture": "#0"},
				"up": {"uv": [0, 13.68, 4.58, 16], "texture": "#0"},
				"down": {"uv": [0, 13.68, 4.58, 16], "texture": "#0"}
			}
		},
		{
			"from": [6, 4, 20],
			"to": [9, 6, 23],
			"rotation": {"angle": 45, "axis": "x", "origin": [8, 7, 21]},
			"faces": {
				"north": {"uv": [0, 13.68, 4.58, 16], "texture": "#0"},
				"east": {"uv": [0, 13.68, 4.58, 16], "texture": "#0"},
				"south": {"uv": [0, 13.68, 4.58, 16], "texture": "#0"},
				"west": {"uv": [0, 13.68, 4.58, 16], "texture": "#0"},
				"up": {"uv": [0, 13.68, 4.58, 16], "texture": "#0"},
				"down": {"uv": [0, 13.68, 4.58, 16], "texture": "#0"}
			}
		},
		{
			"from": [7, 6, 12],
			"to": [9, 8, 14],
			"rotation": {"angle": -45, "axis": "x", "origin": [9, 8, 12]},
			"faces": {
				"north": {"uv": [0, 13.68, 4.58, 16], "texture": "#0"},
				"east": {"uv": [0, 13.68, 4.58, 16], "texture": "#0"},
				"south": {"uv": [0, 13.68, 4.58, 16], "texture": "#0"},
				"west": {"uv": [0, 13.68, 4.58, 16], "texture": "#0"},
				"up": {"uv": [0, 13.68, 4.58, 16], "texture": "#0"},
				"down": {"uv": [0, 13.68, 4.58, 16], "texture": "#0"}
			}
		},
		{
			"from": [9, 6, 12],
			"to": [10.5, 8, 14],
			"rotation": {"angle": -45, "axis": "x", "origin": [9, 8, 12]},
			"faces": {
				"north": {"uv": [0, 13.68, 4.58, 16], "texture": "#0"},
				"east": {"uv": [0, 13.68, 4.58, 16], "texture": "#0"},
				"south": {"uv": [0, 13.68, 4.58, 16], "texture": "#0"},
				"west": {"uv": [0, 13.68, 4.58, 16], "texture": "#0"},
				"up": {"uv": [0, 13.68, 4.58, 16], "texture": "#0"},
				"down": {"uv": [0, 13.68, 4.58, 16], "texture": "#0"}
			}
		},
		{
			"from": [10, 7, 11],
			"to": [12, 8.5, 13],
			"rotation": {"angle": -45, "axis": "y", "origin": [9, 8, 12]},
			"faces": {
				"north": {"uv": [0, 13.68, 4.58, 16], "texture": "#0"},
				"east": {"uv": [0, 13.68, 4.58, 16], "texture": "#0"},
				"south": {"uv": [0, 13.68, 4.58, 16], "texture": "#0"},
				"west": {"uv": [0, 13.68, 4.58, 16], "texture": "#0"},
				"up": {"uv": [0, 13.68, 4.58, 16], "texture": "#0"},
				"down": {"uv": [0, 13.68, 4.58, 16], "texture": "#0"}
			}
		},
		{
			"from": [10, 5, 11],
			"to": [12, 7, 13],
			"rotation": {"angle": -45, "axis": "y", "origin": [9, 8, 12]},
			"faces": {
				"north": {"uv": [0, 13.68, 4.58, 16], "texture": "#0"},
				"east": {"uv": [0, 13.68, 4.58, 16], "texture": "#0"},
				"south": {"uv": [0, 13.68, 4.58, 16], "texture": "#0"},
				"west": {"uv": [0, 13.68, 4.58, 16], "texture": "#0"},
				"up": {"uv": [0, 13.68, 4.58, 16], "texture": "#0"},
				"down": {"uv": [0, 13.68, 4.58, 16], "texture": "#0"}
			}
		},
		{
			"from": [10, 3.5, 11],
			"to": [12, 5, 13],
			"rotation": {"angle": -45, "axis": "y", "origin": [9, 8, 12]},
			"faces": {
				"north": {"uv": [0, 13.68, 4.58, 16], "texture": "#0"},
				"east": {"uv": [0, 13.68, 4.58, 16], "texture": "#0"},
				"south": {"uv": [0, 13.68, 4.58, 16], "texture": "#0"},
				"west": {"uv": [0, 13.68, 4.58, 16], "texture": "#0"},
				"up": {"uv": [0, 13.68, 4.58, 16], "texture": "#0"},
				"down": {"uv": [0, 13.68, 4.58, 16], "texture": "#0"}
			}
		},
		{
			"from": [5, 6, 12],
			"to": [7, 8, 14],
			"rotation": {"angle": -45, "axis": "x", "origin": [9, 8, 12]},
			"faces": {
				"north": {"uv": [0, 13.68, 4.58, 16], "texture": "#0"},
				"east": {"uv": [0, 13.68, 4.58, 16], "texture": "#0"},
				"south": {"uv": [0, 13.68, 4.58, 16], "texture": "#0"},
				"west": {"uv": [0, 13.68, 4.58, 16], "texture": "#0"},
				"up": {"uv": [0, 13.68, 4.58, 16], "texture": "#0"},
				"down": {"uv": [0, 13.68, 4.58, 16], "texture": "#0"}
			}
		},
		{
			"from": [9, 3, 9],
			"to": [10.5, 5, 11],
			"rotation": {"angle": -45, "axis": "x", "origin": [9, 8, 12]},
			"faces": {
				"north": {"uv": [0, 13.68, 4.58, 16], "texture": "#0"},
				"east": {"uv": [0, 13.68, 4.58, 16], "texture": "#0"},
				"south": {"uv": [0, 13.68, 4.58, 16], "texture": "#0"},
				"west": {"uv": [0, 13.68, 4.58, 16], "texture": "#0"},
				"up": {"uv": [0, 13.68, 4.58, 16], "texture": "#0"},
				"down": {"uv": [0, 13.68, 4.58, 16], "texture": "#0"}
			}
		},
		{
			"from": [7, 3, 9],
			"to": [9, 5, 11],
			"rotation": {"angle": -45, "axis": "x", "origin": [9, 8, 12]},
			"faces": {
				"north": {"uv": [0, 13.68, 4.58, 16], "texture": "#0"},
				"east": {"uv": [0, 13.68, 4.58, 16], "texture": "#0"},
				"south": {"uv": [0, 13.68, 4.58, 16], "texture": "#0"},
				"west": {"uv": [0, 13.68, 4.58, 16], "texture": "#0"},
				"up": {"uv": [0, 13.68, 4.58, 16], "texture": "#0"},
				"down": {"uv": [0, 13.68, 4.58, 16], "texture": "#0"}
			}
		},
		{
			"from": [5, 3, 9],
			"to": [7, 5, 11],
			"rotation": {"angle": -45, "axis": "x", "origin": [9, 8, 12]},
			"faces": {
				"north": {"uv": [0, 13.68, 4.58, 16], "texture": "#0"},
				"east": {"uv": [0, 13.68, 4.58, 16], "texture": "#0"},
				"south": {"uv": [0, 13.68, 4.58, 16], "texture": "#0"},
				"west": {"uv": [0, 13.68, 4.58, 16], "texture": "#0"},
				"up": {"uv": [0, 13.68, 4.58, 16], "texture": "#0"},
				"down": {"uv": [0, 13.68, 4.58, 16], "texture": "#0"}
			}
		},
		{
			"from": [7, 4, 19],
			"to": [9, 7, 22],
			"rotation": {"angle": 45, "axis": "z", "origin": [8, 7, 21]},
			"faces": {
				"north": {"uv": [0, 13.68, 4.58, 16], "texture": "#0"},
				"east": {"uv": [0, 13.68, 4.58, 16], "texture": "#0"},
				"south": {"uv": [0, 13.68, 4.58, 16], "texture": "#0"},
				"west": {"uv": [0, 13.68, 4.58, 16], "texture": "#0"},
				"up": {"uv": [0, 13.68, 4.58, 16], "texture": "#0"},
				"down": {"uv": [0, 13.68, 4.58, 16], "texture": "#0"}
			}
		},
		{
			"from": [8, 8, 16],
			"to": [10, 10, 18],
			"rotation": {"angle": 45, "axis": "y", "origin": [9, 9, 18]},
			"faces": {
				"north": {"uv": [0, 13.68, 4.58, 16], "texture": "#0"},
				"east": {"uv": [0, 13.68, 4.58, 16], "texture": "#0"},
				"south": {"uv": [0, 13.68, 4.58, 16], "texture": "#0"},
				"west": {"uv": [0, 13.68, 4.58, 16], "texture": "#0"},
				"up": {"uv": [0, 13.68, 4.58, 16], "texture": "#0"},
				"down": {"uv": [0, 13.68, 4.58, 16], "texture": "#0"}
			}
		},
		{
			"from": [9, 6, 18],
			"to": [11, 8, 20],
			"rotation": {"angle": 45, "axis": "y", "origin": [9, 9, 18]},
			"faces": {
				"north": {"uv": [0, 13.68, 4.58, 16], "texture": "#0"},
				"east": {"uv": [0, 13.68, 4.58, 16], "texture": "#0"},
				"south": {"uv": [0, 13.68, 4.58, 16], "texture": "#0"},
				"west": {"uv": [0, 13.68, 4.58, 16], "texture": "#0"},
				"up": {"uv": [0, 13.68, 4.58, 16], "texture": "#0"},
				"down": {"uv": [0, 13.68, 4.58, 16], "texture": "#0"}
			}
		}
	],
	"display": {
		"thirdperson_lefthand": {
			"scale": [-1, 1, 1]
		},
		"firstperson_righthand": {
			"rotation": [-15, 11, 0],
			"translation": [0.25, 4.5, 0],
			"scale": [0.88, 0.88, 0.88]
		},
		"firstperson_lefthand": {
			"translation": [0, 4.5, 0.5],
			"scale": [-0.88, 0.88, 0.88]
		},
		"ground": {
			"rotation": [-54, 0, 0],
			"scale": [0.7, 0.7, 0.7]
		},
		"gui": {
			"rotation": [-90, -59.25, -90],
			"translation": [1, -3.5, 0],
			"scale": [0.6, 0.6, 0.6]
		},
		"fixed": {
			"rotation": [0, -90, 0],
			"translation": [1.75, -3.75, 0],
			"scale": [0.6, 0.6, 0.6]
		}
	},
	"groups": [
		{
			"name": "group",
			"origin": [9.75, 5.90775, 8],
			"color": 0,
			"nbt": "{}",
			"children": [
				{
					"name": "group",
					"origin": [7.77995, 18.76, 8],
					"color": 0,
					"nbt": "{}",
					"children": [0, 1, 2, 3, 4, 5, 6, 7, 8, 9, 10, 11, 12, 13, 14, 15, 16, 17, 18, 19, 20, 21, 22]
				},
				{
					"name": "group",
					"origin": [6, 9.5, 7.5],
					"color": 0,
					"nbt": "{}",
					"children": [23, 24, 25, 26, 27, 28, 29, 30, 31, 32, 33, 34, 35]
				},
				{
					"name": "group",
					"origin": [9.75, 5.90775, 8],
					"color": 0,
					"nbt": "{}",
					"children": [36, 37, 38, 39, 40, 41, 42, 43, 44, 45]
				}
			]
		},
		{
			"name": "group",
			"origin": [8, 8, 8],
			"color": 9,
			"nbt": "{}",
			"children": [46, 47, 48, 49, 50, 51, 52, 53, 54, 55, 56, 57, 58, 59, 60, 61, 62, 63, 64, 65, 66, 67, 68, 69, 70, 71, 72, 73, 74, 75, 76, 77, 78, 79, 80, 81]
		}
	]
}