{
	"credit": "Made with Blockbench",
	"texture_size": [64, 64],
	"textures": {
		"2": "item/ice"
	},
	"elements": [
		{
			"from": [5.9, 3.9, 10],
			"to": [10.1, 8.1, 20.1],
			"faces": {
				"north": {"uv": [5, 3.75, 6.0625, 4.8125], "texture": "#2"},
				"east": {"uv": [0, 0, 2.5, 1.0625], "texture": "#2"},
				"south": {"uv": [4.75, 5, 5.8125, 6.0625], "texture": "#2"},
				"west": {"uv": [0, 1.25, 2.5, 2.3125], "texture": "#2"},
				"up": {"uv": [1.0625, 5, 0, 2.5], "texture": "#2"},
				"down": {"uv": [3.5625, 0, 2.5, 2.5], "texture": "#2"}
			}
		},
		{
			"from": [5.5, 3.5, 7],
			"to": [10.5, 8.5, 13],
			"faces": {
				"north": {"uv": [2.5, 3.75, 3.75, 5], "texture": "#2"},
				"east": {"uv": [1.25, 2.5, 2.75, 3.75], "texture": "#2"},
				"south": {"uv": [3.75, 3.75, 5, 5], "texture": "#2"},
				"west": {"uv": [2.75, 2.5, 4.25, 3.75], "texture": "#2"},
				"up": {"uv": [5, 1.5, 3.75, 0], "texture": "#2"},
				"down": {"uv": [2.5, 3.75, 1.25, 5.25], "texture": "#2"}
			}
		},
		{
			"from": [5.5, 3.5, 16],
			"to": [10.5, 8.5, 20],
			"faces": {
				"north": {"uv": [4.25, 1.5, 5.5, 2.75], "texture": "#2"},
				"east": {"uv": [5, 0, 6, 1.25], "texture": "#2"},
				"south": {"uv": [0, 5, 1.25, 6.25], "texture": "#2"},
				"west": {"uv": [2.5, 5, 3.5, 6.25], "texture": "#2"},
				"up": {"uv": [5.5, 3.75, 4.25, 2.75], "texture": "#2"},
				"down": {"uv": [4.75, 5, 3.5, 6], "texture": "#2"}
			}
		},
		{
			"from": [7, 7.1, 6],
			"to": [11, 9, 7],
			"faces": {
				"north": {"uv": [8.25, 0, 9.25, 0.5], "texture": "#2"},
				"east": {"uv": [2.25, 5.25, 2.5, 5.75], "texture": "#2"},
				"south": {"uv": [0, 8.75, 1, 9.25], "texture": "#2"},
				"west": {"uv": [2.25, 5.75, 2.5, 6.25], "texture": "#2"},
				"up": {"uv": [10, 6.75, 9, 6.5], "texture": "#2"},
				"down": {"uv": [10.25, 0, 9.25, 0.25], "texture": "#2"}
			}
		},
		{
			"from": [7, 3, 6],
			"to": [11, 4.9, 7],
			"faces": {
				"north": {"uv": [8.75, 0.5, 9.75, 1], "texture": "#2"},
				"east": {"uv": [1, 6.25, 1.25, 6.75], "texture": "#2"},
				"south": {"uv": [1, 8.75, 2, 9.25], "texture": "#2"},
				"west": {"uv": [3.25, 6.25, 3.5, 6.75], "texture": "#2"},
				"up": {"uv": [10.25, 0.5, 9.25, 0.25], "texture": "#2"},
				"down": {"uv": [3.75, 9.25, 2.75, 9.5], "texture": "#2"}
			}
		},
		{
			"from": [7, 5, 6],
			"to": [11, 7, 7],
			"faces": {
				"north": {"uv": [2, 8.75, 3, 9.25], "texture": "#2"},
				"east": {"uv": [2, 6.75, 2.25, 7.25], "texture": "#2"},
				"south": {"uv": [3, 8.75, 4, 9.25], "texture": "#2"},
				"west": {"uv": [4.25, 6.75, 4.5, 7.25], "texture": "#2"},
				"up": {"uv": [10.25, 4.5, 9.25, 4.25], "texture": "#2"},
				"down": {"uv": [10.25, 4.5, 9.25, 4.75], "texture": "#2"}
			}
		},
		{
			"from": [5.7, 3, 6],
			"to": [6.7, 9, 7],
			"faces": {
				"north": {"uv": [4, 8, 4.25, 9.5], "texture": "#2"},
				"east": {"uv": [6.5, 8.25, 6.75, 9.75], "texture": "#2"},
				"south": {"uv": [6.75, 8.25, 7, 9.75], "texture": "#2"},
				"west": {"uv": [4.25, 8.75, 4.5, 10.25], "texture": "#2"},
				"up": {"uv": [4, 2.5, 3.75, 2.25], "texture": "#2"},
				"down": {"uv": [4.25, 2.25, 4, 2.5], "texture": "#2"}
			}
		},
		{
			"from": [6, 13, 13],
			"to": [8, 18, 15],
			"rotation": {"angle": 22.5, "axis": "x", "origin": [0, 0, 0]},
			"faces": {
				"north": {"uv": [6, 5.75, 6.5, 7], "texture": "#2"},
				"east": {"uv": [0, 6.25, 0.5, 7.5], "texture": "#2"},
				"south": {"uv": [0.5, 6.25, 1, 7.5], "texture": "#2"},
				"west": {"uv": [2.25, 6.25, 2.75, 7.5], "texture": "#2"},
				"up": {"uv": [6.5, 1.25, 6, 0.75], "texture": "#2"},
				"down": {"uv": [9.75, 4.75, 9.25, 5.25], "texture": "#2"}
			}
		},
		{
			"from": [9, 8, 19],
			"to": [11, 13, 21],
			"rotation": {"angle": 22.5, "axis": "x", "origin": [12, 13, 13]},
			"faces": {
				"north": {"uv": [2.75, 6.25, 3.25, 7.5], "texture": "#2"},
				"east": {"uv": [6.25, 3.5, 6.75, 4.75], "texture": "#2"},
				"south": {"uv": [4.5, 6.25, 5, 7.5], "texture": "#2"},
				"west": {"uv": [5, 6.25, 5.5, 7.5], "texture": "#2"},
				"up": {"uv": [9.75, 5.75, 9.25, 5.25], "texture": "#2"},
				"down": {"uv": [9.75, 6.75, 9.25, 7.25], "texture": "#2"}
			}
		},
		{
			"from": [7, 8, 18],
			"to": [9, 13, 20],
			"rotation": {"angle": 22.5, "axis": "x", "origin": [12, 13, 13]},
			"faces": {
				"north": {"uv": [5.5, 6.25, 6, 7.5], "texture": "#2"},
				"east": {"uv": [6.5, 0.75, 7, 2], "texture": "#2"},
				"south": {"uv": [6.5, 2, 7, 3.25], "texture": "#2"},
				"west": {"uv": [6.5, 5.75, 7, 7], "texture": "#2"},
				"up": {"uv": [9.75, 7.75, 9.25, 7.25], "texture": "#2"},
				"down": {"uv": [9.75, 7.75, 9.25, 8.25], "texture": "#2"}
			}
		},
		{
			"from": [5.5, 10, 19],
			"to": [7.5, 15, 21],
			"rotation": {"angle": 45, "axis": "x", "origin": [12, 13, 13]},
			"faces": {
				"north": {"uv": [1, 6.75, 1.5, 8], "texture": "#2"},
				"east": {"uv": [1.5, 6.75, 2, 8], "texture": "#2"},
				"south": {"uv": [3.25, 6.75, 3.75, 8], "texture": "#2"},
				"west": {"uv": [6.75, 3.25, 7.25, 4.5], "texture": "#2"},
				"up": {"uv": [9.75, 8.75, 9.25, 8.25], "texture": "#2"},
				"down": {"uv": [10, 1, 9.5, 1.5], "texture": "#2"}
			}
		},
		{
			"from": [11, 4, 15],
			"to": [13, 6, 20],
			"rotation": {"angle": 45, "axis": "y", "origin": [13, 5, 18.5]},
			"faces": {
				"north": {"uv": [9.5, 1.5, 10, 2], "texture": "#2"},
				"east": {"uv": [6.75, 4.5, 8, 5], "texture": "#2"},
				"south": {"uv": [9.5, 2, 10, 2.5], "texture": "#2"},
				"west": {"uv": [7, 0, 8.25, 0.5], "texture": "#2"},
				"up": {"uv": [4.25, 8, 3.75, 6.75], "texture": "#2"},
				"down": {"uv": [7.5, 0.5, 7, 1.75], "texture": "#2"}
			}
		},
		{
			"from": [10, 6, 15],
			"to": [12, 8, 20],
			"rotation": {"angle": 45, "axis": "y", "origin": [13, 5, 18.5]},
			"faces": {
				"north": {"uv": [2.75, 9.5, 3.25, 10], "texture": "#2"},
				"east": {"uv": [7, 1.75, 8.25, 2.25], "texture": "#2"},
				"south": {"uv": [3.25, 9.5, 3.75, 10], "texture": "#2"},
				"west": {"uv": [7, 2.25, 8.25, 2.75], "texture": "#2"},
				"up": {"uv": [7.5, 6.25, 7, 5], "texture": "#2"},
				"down": {"uv": [6.5, 7, 6, 8.25], "texture": "#2"}
			}
		},
		{
			"from": [10, 2, 15],
			"to": [12, 4, 20],
			"rotation": {"angle": 45, "axis": "y", "origin": [13, 5, 18.5]},
			"faces": {
				"north": {"uv": [9.5, 3.5, 10, 4], "texture": "#2"},
				"east": {"uv": [7, 2.75, 8.25, 3.25], "texture": "#2"},
				"south": {"uv": [3.75, 9.5, 4.25, 10], "texture": "#2"},
				"west": {"uv": [7, 6.25, 8.25, 6.75], "texture": "#2"},
				"up": {"uv": [7, 8.25, 6.5, 7], "texture": "#2"},
				"down": {"uv": [7.5, 6.75, 7, 8], "texture": "#2"}
			}
		},
		{
			"from": [8.17157, 0.5, 16.91421],
			"to": [10.17157, 5.5, 18.91421],
			"rotation": {"angle": -22.5, "axis": "x", "origin": [10.17157, 3, 19.91421]},
			"faces": {
				"north": {"uv": [7.25, 3.25, 7.75, 4.5], "texture": "#2"},
				"east": {"uv": [0, 7.5, 0.5, 8.75], "texture": "#2"},
				"south": {"uv": [0.5, 7.5, 1, 8.75], "texture": "#2"},
				"west": {"uv": [7.5, 0.5, 8, 1.75], "texture": "#2"},
				"up": {"uv": [5, 10, 4.5, 9.5], "texture": "#2"},
				"down": {"uv": [5.5, 9.5, 5, 10], "texture": "#2"}
			}
		},
		{
			"from": [7.17157, 0.5, 17.91421],
			"to": [9.17157, 5.5, 19.91421],
			"rotation": {"angle": -22.5, "axis": "x", "origin": [10.17157, 3, 19.91421]},
			"faces": {
				"north": {"uv": [2, 7.5, 2.5, 8.75], "texture": "#2"},
				"east": {"uv": [2.5, 7.5, 3, 8.75], "texture": "#2"},
				"south": {"uv": [4.25, 7.5, 4.75, 8.75], "texture": "#2"},
				"west": {"uv": [4.75, 7.5, 5.25, 8.75], "texture": "#2"},
				"up": {"uv": [10, 6.25, 9.5, 5.75], "texture": "#2"},
				"down": {"uv": [7.5, 9.5, 7, 10], "texture": "#2"}
			}
		},
		{
			"from": [5.5, 1.5, 16.91421],
			"to": [7.5, 6.5, 18.91421],
			"rotation": {"angle": -22.5, "axis": "x", "origin": [10.17157, 3, 19.91421]},
			"faces": {
				"north": {"uv": [7.5, 5, 8, 6.25], "texture": "#2"},
				"east": {"uv": [5.25, 7.5, 5.75, 8.75], "texture": "#2"},
				"south": {"uv": [7.5, 6.75, 8, 8], "texture": "#2"},
				"west": {"uv": [7.75, 3.25, 8.25, 4.5], "texture": "#2"},
				"up": {"uv": [8, 10, 7.5, 9.5], "texture": "#2"},
				"down": {"uv": [8.5, 9.5, 8, 10], "texture": "#2"}
			}
		},
		{
			"from": [9, 5, 19],
			"to": [11, 8, 22],
			"rotation": {"angle": 45, "axis": "x", "origin": [8, 7, 21]},
			"faces": {
				"north": {"uv": [3.75, 1.5, 4.25, 2.25], "texture": "#2"},
				"east": {"uv": [8, 0.5, 8.75, 1.25], "texture": "#2"},
				"south": {"uv": [8.75, 4.25, 9.25, 5], "texture": "#2"},
				"west": {"uv": [1, 8, 1.75, 8.75], "texture": "#2"},
				"up": {"uv": [5, 9.5, 4.5, 8.75], "texture": "#2"},
				"down": {"uv": [5.5, 8.75, 5, 9.5], "texture": "#2"}
			}
		},
		{
			"from": [8, 2, 21],
			"to": [10, 5, 24],
			"rotation": {"angle": 45, "axis": "x", "origin": [8, 7, 21]},
			"faces": {
				"north": {"uv": [8.75, 5, 9.25, 5.75], "texture": "#2"},
				"east": {"uv": [3, 8, 3.75, 8.75], "texture": "#2"},
				"south": {"uv": [8.75, 6.75, 9.25, 7.5], "texture": "#2"},
				"west": {"uv": [8, 4.5, 8.75, 5.25], "texture": "#2"},
				"up": {"uv": [7.5, 9.5, 7, 8.75], "texture": "#2"},
				"down": {"uv": [9.25, 7.5, 8.75, 8.25], "texture": "#2"}
			}
		},
		{
			"from": [8.5, 1.96447, 18.58579],
			"to": [11.5, 4.96447, 20.58579],
			"rotation": {"angle": -22.5, "axis": "y", "origin": [9, 3.46447, 19.58579]},
			"faces": {
				"north": {"uv": [8, 5.25, 8.75, 6], "texture": "#2"},
				"east": {"uv": [9, 1, 9.5, 1.75], "texture": "#2"},
				"south": {"uv": [8, 6.75, 8.75, 7.5], "texture": "#2"},
				"west": {"uv": [9, 1.75, 9.5, 2.5], "texture": "#2"},
				"up": {"uv": [9.75, 3, 9, 2.5], "texture": "#2"},
				"down": {"uv": [9.75, 3, 9, 3.5], "texture": "#2"}
			}
		},
		{
			"from": [6, 6, 19],
			"to": [10, 9, 22],
			"rotation": {"angle": -22.5, "axis": "x", "origin": [8, 7, 21]},
			"faces": {
				"north": {"uv": [1.25, 5.25, 2.25, 6], "texture": "#2"},
				"east": {"uv": [7, 8, 7.75, 8.75], "texture": "#2"},
				"south": {"uv": [5.5, 1.25, 6.5, 2], "texture": "#2"},
				"west": {"uv": [8, 7.5, 8.75, 8.25], "texture": "#2"},
				"up": {"uv": [6.5, 2.75, 5.5, 2], "texture": "#2"},
				"down": {"uv": [6.5, 2.75, 5.5, 3.5], "texture": "#2"}
			}
		},
		{
			"from": [6, 3, 17],
			"to": [10, 6, 20],
			"rotation": {"angle": -22.5, "axis": "x", "origin": [8, 7, 21]},
			"faces": {
				"north": {"uv": [6, 0, 7, 0.75], "texture": "#2"},
				"east": {"uv": [8.25, 1.25, 9, 2], "texture": "#2"},
				"south": {"uv": [1.25, 6, 2.25, 6.75], "texture": "#2"},
				"west": {"uv": [8.25, 2, 9, 2.75], "texture": "#2"},
				"up": {"uv": [4.5, 6.75, 3.5, 6], "texture": "#2"},
				"down": {"uv": [7, 5, 6, 5.75], "texture": "#2"}
			}
		},
		{
			"from": [7, 4, 19],
			"to": [9, 7, 22],
			"rotation": {"angle": 45, "axis": "x", "origin": [8, 7, 21]},
			"faces": {
				"north": {"uv": [9, 3.5, 9.5, 4.25], "texture": "#2"},
				"east": {"uv": [8.25, 2.75, 9, 3.5], "texture": "#2"},
				"south": {"uv": [5.5, 9, 6, 9.75], "texture": "#2"},
				"west": {"uv": [8.25, 3.5, 9, 4.25], "texture": "#2"},
				"up": {"uv": [9.5, 6.5, 9, 5.75], "texture": "#2"},
				"down": {"uv": [6.5, 9, 6, 9.75], "texture": "#2"}
			}
		},
		{
			"from": [6, 4, 20],
			"to": [9, 6, 23],
			"rotation": {"angle": 45, "axis": "x", "origin": [8, 7, 21]},
			"faces": {
				"north": {"uv": [7.5, 9, 8.25, 9.5], "texture": "#2"},
				"east": {"uv": [8.25, 9, 9, 9.5], "texture": "#2"},
				"south": {"uv": [9, 9, 9.75, 9.5], "texture": "#2"},
				"west": {"uv": [0, 9.25, 0.75, 9.75], "texture": "#2"},
				"up": {"uv": [6.5, 9, 5.75, 8.25], "texture": "#2"},
				"down": {"uv": [9, 6, 8.25, 6.75], "texture": "#2"}
			}
		},
		{
			"from": [7, 6, 12],
			"to": [9, 8, 14],
			"rotation": {"angle": -45, "axis": "x", "origin": [9, 8, 12]},
			"faces": {
				"north": {"uv": [8.5, 9.5, 9, 10], "texture": "#2"},
				"east": {"uv": [9, 9.5, 9.5, 10], "texture": "#2"},
				"south": {"uv": [9.5, 9.5, 10, 10], "texture": "#2"},
				"west": {"uv": [0, 9.75, 0.5, 10.25], "texture": "#2"},
				"up": {"uv": [10.25, 1, 9.75, 0.5], "texture": "#2"},
				"down": {"uv": [10.25, 2.5, 9.75, 3], "texture": "#2"}
			}
		},
		{
			"from": [9, 6, 12],
			"to": [10.5, 8, 14],
			"rotation": {"angle": -45, "axis": "x", "origin": [9, 8, 12]},
			"faces": {
				"north": {"uv": [6, 10.25, 6.375, 10.75], "texture": "#2"},
				"east": {"uv": [9.75, 3, 10.25, 3.5], "texture": "#2"},
				"south": {"uv": [6.5, 10.25, 6.875, 10.75], "texture": "#2"},
				"west": {"uv": [9.75, 4.75, 10.25, 5.25], "texture": "#2"},
				"up": {"uv": [10.625, 7.25, 10.25, 6.75], "texture": "#2"},
				"down": {"uv": [10.625, 7.25, 10.25, 7.75], "texture": "#2"}
			}
		},
		{
			"from": [10, 7, 11],
			"to": [12, 8.5, 13],
			"rotation": {"angle": -45, "axis": "y", "origin": [9, 8, 12]},
			"faces": {
				"north": {"uv": [10.25, 7.75, 10.75, 8.125], "texture": "#2"},
				"east": {"uv": [10.25, 8.25, 10.75, 8.625], "texture": "#2"},
				"south": {"uv": [10.25, 8.75, 10.75, 9.125], "texture": "#2"},
				"west": {"uv": [10, 10.25, 10.5, 10.625], "texture": "#2"},
				"up": {"uv": [10.25, 5.75, 9.75, 5.25], "texture": "#2"},
				"down": {"uv": [6, 9.75, 5.5, 10.25], "texture": "#2"}
			}
		},
		{
			"from": [10, 5, 11],
			"to": [12, 7, 13],
			"rotation": {"angle": -45, "axis": "y", "origin": [9, 8, 12]},
			"faces": {
				"north": {"uv": [6, 9.75, 6.5, 10.25], "texture": "#2"},
				"east": {"uv": [6.5, 9.75, 7, 10.25], "texture": "#2"},
				"south": {"uv": [9.75, 6.75, 10.25, 7.25], "texture": "#2"},
				"west": {"uv": [9.75, 7.25, 10.25, 7.75], "texture": "#2"},
				"up": {"uv": [10.25, 8.25, 9.75, 7.75], "texture": "#2"},
				"down": {"uv": [10.25, 8.25, 9.75, 8.75], "texture": "#2"}
			}
		},
		{
			"from": [10, 3.5, 11],
			"to": [12, 5, 13],
			"rotation": {"angle": -45, "axis": "y", "origin": [9, 8, 12]},
			"faces": {
				"north": {"uv": [0.5, 10.5, 1, 10.875], "texture": "#2"},
				"east": {"uv": [1, 10.5, 1.5, 10.875], "texture": "#2"},
				"south": {"uv": [10.5, 1, 11, 1.375], "texture": "#2"},
				"west": {"uv": [1.5, 10.5, 2, 10.875], "texture": "#2"},
				"up": {"uv": [10.25, 9.25, 9.75, 8.75], "texture": "#2"},
				"down": {"uv": [1, 10, 0.5, 10.5], "texture": "#2"}
			}
		},
		{
			"from": [5, 6, 12],
			"to": [7, 8, 14],
			"rotation": {"angle": -45, "axis": "x", "origin": [9, 8, 12]},
			"faces": {
				"north": {"uv": [1, 10, 1.5, 10.5], "texture": "#2"},
				"east": {"uv": [10, 1, 10.5, 1.5], "texture": "#2"},
				"south": {"uv": [1.5, 10, 2, 10.5], "texture": "#2"},
				"west": {"uv": [10, 1.5, 10.5, 2], "texture": "#2"},
				"up": {"uv": [2.5, 10.5, 2, 10], "texture": "#2"},
				"down": {"uv": [10.5, 2, 10, 2.5], "texture": "#2"}
			}
		},
		{
			"from": [9, 3, 9],
			"to": [10.5, 5, 11],
			"rotation": {"angle": -45, "axis": "x", "origin": [9, 8, 12]},
			"faces": {
				"north": {"uv": [10.5, 1.5, 10.875, 2], "texture": "#2"},
				"east": {"uv": [2.5, 10, 3, 10.5], "texture": "#2"},
				"south": {"uv": [2, 10.5, 2.375, 11], "texture": "#2"},
				"west": {"uv": [3, 10, 3.5, 10.5], "texture": "#2"},
				"up": {"uv": [10.875, 2.5, 10.5, 2], "texture": "#2"},
				"down": {"uv": [2.875, 10.5, 2.5, 11], "texture": "#2"}
			}
		},
		{
			"from": [7, 3, 9],
			"to": [9, 5, 11],
			"rotation": {"angle": -45, "axis": "x", "origin": [9, 8, 12]},
			"faces": {
				"north": {"uv": [3.5, 10, 4, 10.5], "texture": "#2"},
				"east": {"uv": [10, 3.5, 10.5, 4], "texture": "#2"},
				"south": {"uv": [4.5, 10, 5, 10.5], "texture": "#2"},
				"west": {"uv": [5, 10, 5.5, 10.5], "texture": "#2"},
				"up": {"uv": [10.5, 6.25, 10, 5.75], "texture": "#2"},
				"down": {"uv": [10.5, 6.25, 10, 6.75], "texture": "#2"}
			}
		},
		{
			"from": [5, 3, 9],
			"to": [7, 5, 11],
			"rotation": {"angle": -45, "axis": "x", "origin": [9, 8, 12]},
			"faces": {
				"north": {"uv": [7, 10, 7.5, 10.5], "texture": "#2"},
				"east": {"uv": [7.5, 10, 8, 10.5], "texture": "#2"},
				"south": {"uv": [8, 10, 8.5, 10.5], "texture": "#2"},
				"west": {"uv": [8.5, 10, 9, 10.5], "texture": "#2"},
				"up": {"uv": [9.5, 10.5, 9, 10], "texture": "#2"},
				"down": {"uv": [10.5, 9.25, 10, 9.75], "texture": "#2"}
			}
		},
		{
			"from": [7, 4, 19],
			"to": [9, 7, 22],
			"rotation": {"angle": 45, "axis": "z", "origin": [8, 7, 21]},
			"faces": {
				"north": {"uv": [0.75, 9.25, 1.25, 10], "texture": "#2"},
				"east": {"uv": [7.75, 8.25, 8.5, 9], "texture": "#2"},
				"south": {"uv": [1.25, 9.25, 1.75, 10], "texture": "#2"},
				"west": {"uv": [8.5, 8.25, 9.25, 9], "texture": "#2"},
				"up": {"uv": [2.25, 10, 1.75, 9.25], "texture": "#2"},
				"down": {"uv": [2.75, 9.25, 2.25, 10], "texture": "#2"}
			}
		},
		{
			"from": [8, 8, 16],
			"to": [10, 10, 18],
			"rotation": {"angle": 45, "axis": "y", "origin": [9, 9, 18]},
			"faces": {
				"north": {"uv": [9.5, 10, 10, 10.5], "texture": "#2"},
				"east": {"uv": [10, 9.75, 10.5, 10.25], "texture": "#2"},
				"south": {"uv": [0, 10.25, 0.5, 10.75], "texture": "#2"},
				"west": {"uv": [10.25, 0, 10.75, 0.5], "texture": "#2"},
				"up": {"uv": [10.75, 1, 10.25, 0.5], "texture": "#2"},
				"down": {"uv": [10.75, 2.5, 10.25, 3], "texture": "#2"}
			}
		},
		{
			"from": [9, 6, 18],
			"to": [11, 8, 20],
			"rotation": {"angle": 45, "axis": "y", "origin": [9, 9, 18]},
			"faces": {
				"north": {"uv": [10.25, 3, 10.75, 3.5], "texture": "#2"},
				"east": {"uv": [4, 10.25, 4.5, 10.75], "texture": "#2"},
				"south": {"uv": [10.25, 4, 10.75, 4.5], "texture": "#2"},
				"west": {"uv": [10.25, 4.5, 10.75, 5], "texture": "#2"},
				"up": {"uv": [10.75, 5.5, 10.25, 5], "texture": "#2"},
				"down": {"uv": [6, 10.25, 5.5, 10.75], "texture": "#2"}
			}
		}
	],
	"display": {
		"thirdperson_lefthand": {
			"rotation": [-180, -180, 0],
			"translation": [0, -4, 0]
		},
		"firstperson_righthand": {
			"rotation": [-20, 18, 23],
			"translation": [-1.75, 4.25, 1]
		},
		"firstperson_lefthand": {
			"rotation": [162, 164, 30],
			"translation": [1.5, 0.75, 1.75]
		},
		"ground": {
			"rotation": [-9, 0, 90],
			"translation": [-4, -1, -4]
		},
		"gui": {
			"rotation": [-90, -42, -90],
			"translation": [5.5, -3.25, 0]
		},
		"fixed": {
			"rotation": [90, -180, -90],
			"translation": [-2, -5.5, -1]
		}
	},
	"groups": [
		{
			"name": "group",
			"origin": [8, 8, 8],
			"color": 0,
			"children": [0, 1, 2, 3, 4, 5, 6, 7, 8, 9, 10, 11, 12, 13, 14, 15, 16, 17, 18, 19, 20, 21, 22, 23, 24, 25, 26, 27, 28, 29, 30, 31, 32, 33, 34, 35]
		}
	]
}