{
	"credit": "Made with Blockbench",
	"texture_size": [64, 64],
	"textures": {
		"0": "item/lighting",
		"particle": "item/lighting"
	},
	"elements": [
		{
			"from": [23, -15, 2],
			"to": [24, -14, 3],
			"faces": {
				"north": {"uv": [3, 10.25, 3.25, 10.5], "texture": "#0"},
				"east": {"uv": [3.25, 10.25, 3.5, 10.5], "texture": "#0"},
				"south": {"uv": [3.5, 10.25, 3.75, 10.5], "texture": "#0"},
				"west": {"uv": [3.75, 10.25, 4, 10.5], "texture": "#0"},
				"up": {"uv": [4.25, 10.5, 4, 10.25], "texture": "#0"},
				"down": {"uv": [4.5, 10.25, 4.25, 10.5], "texture": "#0"}
			}
		},
		{
			"from": [21, -14, 2],
			"to": [23, -13, 3],
			"faces": {
				"north": {"uv": [10.25, 0, 10.75, 0.25], "texture": "#0"},
				"east": {"uv": [4.5, 10.25, 4.75, 10.5], "texture": "#0"},
				"south": {"uv": [10.25, 0.25, 10.75, 0.5], "texture": "#0"},
				"west": {"uv": [4.75, 10.25, 5, 10.5], "texture": "#0"},
				"up": {"uv": [10.75, 0.75, 10.25, 0.5], "texture": "#0"},
				"down": {"uv": [10.75, 0.75, 10.25, 1], "texture": "#0"}
			}
		},
		{
			"from": [20, -13, 2],
			"to": [22, -12, 3],
			"faces": {
				"north": {"uv": [1, 10.25, 1.5, 10.5], "texture": "#0"},
				"east": {"uv": [5, 10.25, 5.25, 10.5], "texture": "#0"},
				"south": {"uv": [1.5, 10.25, 2, 10.5], "texture": "#0"},
				"west": {"uv": [5.25, 10.25, 5.5, 10.5], "texture": "#0"},
				"up": {"uv": [2.5, 10.5, 2, 10.25], "texture": "#0"},
				"down": {"uv": [3, 10.25, 2.5, 10.5], "texture": "#0"}
			}
		},
		{
			"from": [18, -12, 2],
			"to": [22, -11, 3],
			"faces": {
				"north": {"uv": [10, 2.25, 11, 2.5], "texture": "#0"},
				"east": {"uv": [5.5, 10.25, 5.75, 10.5], "texture": "#0"},
				"south": {"uv": [10, 2.5, 11, 2.75], "texture": "#0"},
				"west": {"uv": [5.75, 10.25, 6, 10.5], "texture": "#0"},
				"up": {"uv": [4, 10.25, 3, 10], "texture": "#0"},
				"down": {"uv": [5, 10, 4, 10.25], "texture": "#0"}
			}
		},
		{
			"from": [17, -11, 2],
			"to": [21, -10, 3],
			"faces": {
				"north": {"uv": [5, 10, 6, 10.25], "texture": "#0"},
				"east": {"uv": [6, 10.25, 6.25, 10.5], "texture": "#0"},
				"south": {"uv": [6, 10, 7, 10.25], "texture": "#0"},
				"west": {"uv": [6.25, 10.25, 6.5, 10.5], "texture": "#0"},
				"up": {"uv": [8, 10.25, 7, 10], "texture": "#0"},
				"down": {"uv": [11, 7.5, 10, 7.75], "texture": "#0"}
			}
		},
		{
			"from": [16, -10, 2],
			"to": [20, -9, 3],
			"faces": {
				"north": {"uv": [10, 7.75, 11, 8], "texture": "#0"},
				"east": {"uv": [6.5, 10.25, 6.75, 10.5], "texture": "#0"},
				"south": {"uv": [8, 10, 9, 10.25], "texture": "#0"},
				"west": {"uv": [6.75, 10.25, 7, 10.5], "texture": "#0"},
				"up": {"uv": [11, 8.25, 10, 8], "texture": "#0"},
				"down": {"uv": [10, 10, 9, 10.25], "texture": "#0"}
			}
		},
		{
			"from": [14, -9, 2],
			"to": [20, -8, 3],
			"faces": {
				"north": {"uv": [4, 9.75, 5.5, 10], "texture": "#0"},
				"east": {"uv": [7, 10.25, 7.25, 10.5], "texture": "#0"},
				"south": {"uv": [5.5, 9.75, 7, 10], "texture": "#0"},
				"west": {"uv": [7.25, 10.25, 7.5, 10.5], "texture": "#0"},
				"up": {"uv": [8.5, 10, 7, 9.75], "texture": "#0"},
				"down": {"uv": [11.25, 8.25, 9.75, 8.5], "texture": "#0"}
			}
		},
		{
			"from": [13, -8, 2],
			"to": [19, -7, 3],
			"faces": {
				"north": {"uv": [8.5, 9.75, 10, 10], "texture": "#0"},
				"east": {"uv": [7.5, 10.25, 7.75, 10.5], "texture": "#0"},
				"south": {"uv": [0, 10, 1.5, 10.25], "texture": "#0"},
				"west": {"uv": [7.75, 10.25, 8, 10.5], "texture": "#0"},
				"up": {"uv": [11.5, 1.25, 10, 1], "texture": "#0"},
				"down": {"uv": [11.5, 1.25, 10, 1.5], "texture": "#0"}
			}
		},
		{
			"from": [12, -7, 2],
			"to": [18, -6, 3],
			"faces": {
				"north": {"uv": [1.5, 10, 3, 10.25], "texture": "#0"},
				"east": {"uv": [8, 10.25, 8.25, 10.5], "texture": "#0"},
				"south": {"uv": [10, 1.5, 11.5, 1.75], "texture": "#0"},
				"west": {"uv": [8.25, 10.25, 8.5, 10.5], "texture": "#0"},
				"up": {"uv": [11.5, 2, 10, 1.75], "texture": "#0"},
				"down": {"uv": [11.5, 2, 10, 2.25], "texture": "#0"}
			}
		},
		{
			"from": [10, -6, 2],
			"to": [18, -5, 3],
			"faces": {
				"north": {"uv": [2.25, 9.25, 4.25, 9.5], "texture": "#0"},
				"east": {"uv": [8.5, 10.25, 8.75, 10.5], "texture": "#0"},
				"south": {"uv": [4.25, 9.25, 6.25, 9.5], "texture": "#0"},
				"west": {"uv": [8.75, 10.25, 9, 10.5], "texture": "#0"},
				"up": {"uv": [8.25, 9.5, 6.25, 9.25], "texture": "#0"},
				"down": {"uv": [10.25, 9.25, 8.25, 9.5], "texture": "#0"}
			}
		},
		{
			"from": [9, -5, 2],
			"to": [17, -4, 3],
			"faces": {
				"north": {"uv": [0, 9.5, 2, 9.75], "texture": "#0"},
				"east": {"uv": [9, 10.25, 9.25, 10.5], "texture": "#0"},
				"south": {"uv": [2, 9.5, 4, 9.75], "texture": "#0"},
				"west": {"uv": [9.25, 10.25, 9.5, 10.5], "texture": "#0"},
				"up": {"uv": [6, 9.75, 4, 9.5], "texture": "#0"},
				"down": {"uv": [8, 9.5, 6, 9.75], "texture": "#0"}
			}
		},
		{
			"from": [8, -4, 2],
			"to": [17, -3, 3],
			"faces": {
				"north": {"uv": [8.25, 6.5, 10.5, 6.75], "texture": "#0"},
				"east": {"uv": [10.25, 9.25, 10.5, 9.5], "texture": "#0"},
				"south": {"uv": [8.25, 6.75, 10.5, 7], "texture": "#0"},
				"west": {"uv": [9.5, 10.25, 9.75, 10.5], "texture": "#0"},
				"up": {"uv": [10.5, 7.25, 8.25, 7], "texture": "#0"},
				"down": {"uv": [9.75, 8.25, 7.5, 8.5], "texture": "#0"}
			}
		},
		{
			"from": [6, -3, 2],
			"to": [21, -2, 3],
			"faces": {
				"north": {"uv": [0, 2, 3.75, 2.25], "texture": "#0"},
				"east": {"uv": [9.75, 10.25, 10, 10.5], "texture": "#0"},
				"south": {"uv": [0, 2.25, 3.75, 2.5], "texture": "#0"},
				"west": {"uv": [10, 10.25, 10.25, 10.5], "texture": "#0"},
				"up": {"uv": [3.75, 2.75, 0, 2.5], "texture": "#0"},
				"down": {"uv": [3.75, 2.75, 0, 3], "texture": "#0"}
			}
		},
		{
			"from": [5, -2, 2],
			"to": [20, -1, 3],
			"faces": {
				"north": {"uv": [0, 3, 3.75, 3.25], "texture": "#0"},
				"east": {"uv": [10.25, 10.25, 10.5, 10.5], "texture": "#0"},
				"south": {"uv": [0, 3.25, 3.75, 3.5], "texture": "#0"},
				"west": {"uv": [0, 10.5, 0.25, 10.75], "texture": "#0"},
				"up": {"uv": [3.75, 3.75, 0, 3.5], "texture": "#0"},
				"down": {"uv": [3.75, 3.75, 0, 4], "texture": "#0"}
			}
		},
		{
			"from": [11, -1, 2],
			"to": [19, 0, 3],
			"faces": {
				"north": {"uv": [8, 9.5, 10, 9.75], "texture": "#0"},
				"east": {"uv": [0.25, 10.5, 0.5, 10.75], "texture": "#0"},
				"south": {"uv": [0, 9.75, 2, 10], "texture": "#0"},
				"west": {"uv": [0.5, 10.5, 0.75, 10.75], "texture": "#0"},
				"up": {"uv": [4, 10, 2, 9.75], "texture": "#0"},
				"down": {"uv": [11.75, 2.75, 9.75, 3], "texture": "#0"}
			}
		},
		{
			"from": [10, 0, 2],
			"to": [18, 1, 3],
			"faces": {
				"north": {"uv": [9.75, 3, 11.75, 3.25], "texture": "#0"},
				"east": {"uv": [0.75, 10.5, 1, 10.75], "texture": "#0"},
				"south": {"uv": [9.75, 3.25, 11.75, 3.5], "texture": "#0"},
				"west": {"uv": [1, 10.5, 1.25, 10.75], "texture": "#0"},
				"up": {"uv": [11.75, 3.75, 9.75, 3.5], "texture": "#0"},
				"down": {"uv": [11.75, 3.75, 9.75, 4], "texture": "#0"}
			}
		},
		{
			"from": [9, 1, 2],
			"to": [18, 2, 3],
			"faces": {
				"north": {"uv": [0, 8.5, 2.25, 8.75], "texture": "#0"},
				"east": {"uv": [1.25, 10.5, 1.5, 10.75], "texture": "#0"},
				"south": {"uv": [2.25, 8.5, 4.5, 8.75], "texture": "#0"},
				"west": {"uv": [1.5, 10.5, 1.75, 10.75], "texture": "#0"},
				"up": {"uv": [6.75, 8.75, 4.5, 8.5], "texture": "#0"},
				"down": {"uv": [9, 8.5, 6.75, 8.75], "texture": "#0"}
			}
		},
		{
			"from": [8, 2, 2],
			"to": [17, 3, 3],
			"faces": {
				"north": {"uv": [0, 8.75, 2.25, 9], "texture": "#0"},
				"east": {"uv": [1.75, 10.5, 2, 10.75], "texture": "#0"},
				"south": {"uv": [2.25, 8.75, 4.5, 9], "texture": "#0"},
				"west": {"uv": [2, 10.5, 2.25, 10.75], "texture": "#0"},
				"up": {"uv": [11, 4.25, 8.75, 4], "texture": "#0"},
				"down": {"uv": [11, 4.25, 8.75, 4.5], "texture": "#0"}
			}
		},
		{
			"from": [7, 3, 2],
			"to": [16, 4, 3],
			"faces": {
				"north": {"uv": [4.5, 8.75, 6.75, 9], "texture": "#0"},
				"east": {"uv": [2.25, 10.5, 2.5, 10.75], "texture": "#0"},
				"south": {"uv": [8.75, 4.5, 11, 4.75], "texture": "#0"},
				"west": {"uv": [2.5, 10.5, 2.75, 10.75], "texture": "#0"},
				"up": {"uv": [11, 5, 8.75, 4.75], "texture": "#0"},
				"down": {"uv": [9, 8.75, 6.75, 9], "texture": "#0"}
			}
		},
		{
			"from": [6, 4, 2],
			"to": [15, 5, 3],
			"faces": {
				"north": {"uv": [0, 9, 2.25, 9.25], "texture": "#0"},
				"east": {"uv": [2.75, 10.5, 3, 10.75], "texture": "#0"},
				"south": {"uv": [2.25, 9, 4.5, 9.25], "texture": "#0"},
				"west": {"uv": [3, 10.5, 3.25, 10.75], "texture": "#0"},
				"up": {"uv": [6.75, 9.25, 4.5, 9], "texture": "#0"},
				"down": {"uv": [9, 9, 6.75, 9.25], "texture": "#0"}
			}
		},
		{
			"from": [5, 5, 2],
			"to": [15, 6, 3],
			"faces": {
				"north": {"uv": [7.25, 2.75, 9.75, 3], "texture": "#0"},
				"east": {"uv": [3.25, 10.5, 3.5, 10.75], "texture": "#0"},
				"south": {"uv": [5.5, 7.25, 8, 7.5], "texture": "#0"},
				"west": {"uv": [3.5, 10.5, 3.75, 10.75], "texture": "#0"},
				"up": {"uv": [2.5, 7.75, 0, 7.5], "texture": "#0"},
				"down": {"uv": [10, 1, 7.5, 1.25], "texture": "#0"}
			}
		},
		{
			"from": [4, 6, 2],
			"to": [14, 7, 3],
			"faces": {
				"north": {"uv": [7.5, 1.25, 10, 1.5], "texture": "#0"},
				"east": {"uv": [3.75, 10.5, 4, 10.75], "texture": "#0"},
				"south": {"uv": [7.5, 1.5, 10, 1.75], "texture": "#0"},
				"west": {"uv": [4, 10.5, 4.25, 10.75], "texture": "#0"},
				"up": {"uv": [10, 2, 7.5, 1.75], "texture": "#0"},
				"down": {"uv": [5, 7.5, 2.5, 7.75], "texture": "#0"}
			}
		},
		{
			"from": [3, 7, 2],
			"to": [13, 8, 3],
			"faces": {
				"north": {"uv": [5, 7.5, 7.5, 7.75], "texture": "#0"},
				"east": {"uv": [4.25, 10.5, 4.5, 10.75], "texture": "#0"},
				"south": {"uv": [7.5, 7.5, 10, 7.75], "texture": "#0"},
				"west": {"uv": [4.5, 10.5, 4.75, 10.75], "texture": "#0"},
				"up": {"uv": [2.5, 8, 0, 7.75], "texture": "#0"},
				"down": {"uv": [10.25, 0, 7.75, 0.25], "texture": "#0"}
			}
		},
		{
			"from": [3, 8, 2],
			"to": [12, 9, 3],
			"faces": {
				"north": {"uv": [9, 8.5, 11.25, 8.75], "texture": "#0"},
				"east": {"uv": [4.75, 10.5, 5, 10.75], "texture": "#0"},
				"south": {"uv": [9, 8.75, 11.25, 9], "texture": "#0"},
				"west": {"uv": [5, 10.5, 5.25, 10.75], "texture": "#0"},
				"up": {"uv": [11.25, 9.25, 9, 9], "texture": "#0"},
				"down": {"uv": [2.25, 9.25, 0, 9.5], "texture": "#0"}
			}
		},
		{
			"from": [2, 9, 2],
			"to": [12, 10, 3],
			"faces": {
				"north": {"uv": [7.75, 0.25, 10.25, 0.5], "texture": "#0"},
				"east": {"uv": [5.25, 10.5, 5.5, 10.75], "texture": "#0"},
				"south": {"uv": [7.75, 0.5, 10.25, 0.75], "texture": "#0"},
				"west": {"uv": [5.5, 10.5, 5.75, 10.75], "texture": "#0"},
				"up": {"uv": [10.25, 1, 7.75, 0.75], "texture": "#0"},
				"down": {"uv": [5, 7.75, 2.5, 8], "texture": "#0"}
			}
		},
		{
			"from": [1, 10, 2],
			"to": [11, 11, 3],
			"faces": {
				"north": {"uv": [5, 7.75, 7.5, 8], "texture": "#0"},
				"east": {"uv": [5.75, 10.5, 6, 10.75], "texture": "#0"},
				"south": {"uv": [7.5, 7.75, 10, 8], "texture": "#0"},
				"west": {"uv": [6, 10.5, 6.25, 10.75], "texture": "#0"},
				"up": {"uv": [2.5, 8.25, 0, 8], "texture": "#0"},
				"down": {"uv": [5, 8, 2.5, 8.25], "texture": "#0"}
			}
		},
		{
			"from": [0, 11, 2],
			"to": [10, 12, 3],
			"faces": {
				"north": {"uv": [5, 8, 7.5, 8.25], "texture": "#0"},
				"east": {"uv": [6.25, 10.5, 6.5, 10.75], "texture": "#0"},
				"south": {"uv": [8, 7.25, 10.5, 7.5], "texture": "#0"},
				"west": {"uv": [6.5, 10.5, 6.75, 10.75], "texture": "#0"},
				"up": {"uv": [10, 8.25, 7.5, 8], "texture": "#0"},
				"down": {"uv": [2.5, 8.25, 0, 8.5], "texture": "#0"}
			}
		},
		{
			"from": [-1, 12, 2],
			"to": [13, 13, 3],
			"faces": {
				"north": {"uv": [3.75, 2, 7.25, 2.25], "texture": "#0"},
				"east": {"uv": [10.5, 6.5, 10.75, 6.75], "texture": "#0"},
				"south": {"uv": [3.75, 2.25, 7.25, 2.5], "texture": "#0"},
				"west": {"uv": [6.75, 10.5, 7, 10.75], "texture": "#0"},
				"up": {"uv": [7.25, 2.75, 3.75, 2.5], "texture": "#0"},
				"down": {"uv": [7.25, 2.75, 3.75, 3], "texture": "#0"}
			}
		},
		{
			"from": [-2, 13, 2],
			"to": [16, 14, 3],
			"faces": {
				"north": {"uv": [0, 1, 4.5, 1.25], "texture": "#0"},
				"east": {"uv": [10.5, 6.75, 10.75, 7], "texture": "#0"},
				"south": {"uv": [0, 1.25, 4.5, 1.5], "texture": "#0"},
				"west": {"uv": [7, 10.5, 7.25, 10.75], "texture": "#0"},
				"up": {"uv": [4.5, 1.75, 0, 1.5], "texture": "#0"},
				"down": {"uv": [4.5, 1.75, 0, 2], "texture": "#0"}
			}
		},
		{
			"from": [-3, 14, 2],
			"to": [16, 15, 3],
			"faces": {
				"north": {"uv": [0, 0, 4.75, 0.25], "texture": "#0"},
				"east": {"uv": [10.5, 7, 10.75, 7.25], "texture": "#0"},
				"south": {"uv": [0, 0.25, 4.75, 0.5], "texture": "#0"},
				"west": {"uv": [7.25, 10.5, 7.5, 10.75], "texture": "#0"},
				"up": {"uv": [4.75, 0.75, 0, 0.5], "texture": "#0"},
				"down": {"uv": [4.75, 0.75, 0, 1], "texture": "#0"}
			}
		},
		{
			"from": [-3, 15, 2],
			"to": [1, 16, 3],
			"faces": {
				"north": {"uv": [10, 9.5, 11, 9.75], "texture": "#0"},
				"east": {"uv": [10.5, 7.25, 10.75, 7.5], "texture": "#0"},
				"south": {"uv": [10, 9.75, 11, 10], "texture": "#0"},
				"west": {"uv": [7.5, 10.5, 7.75, 10.75], "texture": "#0"},
				"up": {"uv": [11, 10.25, 10, 10], "texture": "#0"},
				"down": {"uv": [1, 10.25, 0, 10.5], "texture": "#0"}
			}
		},
		{
			"from": [2, 15, 2],
			"to": [15, 16, 3],
			"faces": {
				"north": {"uv": [3.75, 3, 7, 3.25], "texture": "#0"},
				"east": {"uv": [7.75, 10.5, 8, 10.75], "texture": "#0"},
				"south": {"uv": [3.75, 3.25, 7, 3.5], "texture": "#0"},
				"west": {"uv": [8, 10.5, 8.25, 10.75], "texture": "#0"},
				"up": {"uv": [7, 3.75, 3.75, 3.5], "texture": "#0"},
				"down": {"uv": [7, 3.75, 3.75, 4], "texture": "#0"}
			}
		},
		{
			"from": [4, 16, 2],
			"to": [14, 17, 3],
			"faces": {
				"north": {"uv": [2.5, 8.25, 5, 8.5], "texture": "#0"},
				"east": {"uv": [8.25, 10.5, 8.5, 10.75], "texture": "#0"},
				"south": {"uv": [5, 8.25, 7.5, 8.5], "texture": "#0"},
				"west": {"uv": [8.5, 10.5, 8.75, 10.75], "texture": "#0"},
				"up": {"uv": [10.75, 5.25, 8.25, 5], "texture": "#0"},
				"down": {"uv": [10.75, 5.25, 8.25, 5.5], "texture": "#0"}
			}
		},
		{
			"from": [3, 17, 2],
			"to": [13, 18, 3],
			"faces": {
				"north": {"uv": [8.25, 5.5, 10.75, 5.75], "texture": "#0"},
				"east": {"uv": [8.75, 10.5, 9, 10.75], "texture": "#0"},
				"south": {"uv": [8.25, 5.75, 10.75, 6], "texture": "#0"},
				"west": {"uv": [9, 10.5, 9.25, 10.75], "texture": "#0"},
				"up": {"uv": [10.75, 6.25, 8.25, 6], "texture": "#0"},
				"down": {"uv": [10.75, 6.25, 8.25, 6.5], "texture": "#0"}
			}
		},
		{
			"from": [2, 18, 2],
			"to": [13, 19, 3],
			"faces": {
				"north": {"uv": [0, 5, 2.75, 5.25], "texture": "#0"},
				"east": {"uv": [9.25, 10.5, 9.5, 10.75], "texture": "#0"},
				"south": {"uv": [2.75, 5, 5.5, 5.25], "texture": "#0"},
				"west": {"uv": [10.5, 9.25, 10.75, 9.5], "texture": "#0"},
				"up": {"uv": [2.75, 5.5, 0, 5.25], "texture": "#0"},
				"down": {"uv": [5.5, 5.25, 2.75, 5.5], "texture": "#0"}
			}
		},
		{
			"from": [1, 19, 2],
			"to": [12, 20, 3],
			"faces": {
				"north": {"uv": [0, 5.5, 2.75, 5.75], "texture": "#0"},
				"east": {"uv": [9.5, 10.5, 9.75, 10.75], "texture": "#0"},
				"south": {"uv": [2.75, 5.5, 5.5, 5.75], "texture": "#0"},
				"west": {"uv": [9.75, 10.5, 10, 10.75], "texture": "#0"},
				"up": {"uv": [8.25, 5.25, 5.5, 5], "texture": "#0"},
				"down": {"uv": [8.25, 5.25, 5.5, 5.5], "texture": "#0"}
			}
		},
		{
			"from": [0, 20, 2],
			"to": [11, 21, 3],
			"faces": {
				"north": {"uv": [5.5, 5.5, 8.25, 5.75], "texture": "#0"},
				"east": {"uv": [10, 10.5, 10.25, 10.75], "texture": "#0"},
				"south": {"uv": [0, 5.75, 2.75, 6], "texture": "#0"},
				"west": {"uv": [10.25, 10.5, 10.5, 10.75], "texture": "#0"},
				"up": {"uv": [5.5, 6, 2.75, 5.75], "texture": "#0"},
				"down": {"uv": [8.25, 5.75, 5.5, 6], "texture": "#0"}
			}
		},
		{
			"from": [-1, 21, 2],
			"to": [10, 22, 3],
			"faces": {
				"north": {"uv": [0, 6, 2.75, 6.25], "texture": "#0"},
				"east": {"uv": [10.5, 10.25, 10.75, 10.5], "texture": "#0"},
				"south": {"uv": [2.75, 6, 5.5, 6.25], "texture": "#0"},
				"west": {"uv": [10.5, 10.5, 10.75, 10.75], "texture": "#0"},
				"up": {"uv": [8.75, 4.25, 6, 4], "texture": "#0"},
				"down": {"uv": [8.75, 4.25, 6, 4.5], "texture": "#0"}
			}
		},
		{
			"from": [-1, 22, 2],
			"to": [10, 23, 3],
			"faces": {
				"north": {"uv": [6, 4.5, 8.75, 4.75], "texture": "#0"},
				"east": {"uv": [0, 10.75, 0.25, 11], "texture": "#0"},
				"south": {"uv": [6, 4.75, 8.75, 5], "texture": "#0"},
				"west": {"uv": [10.75, 0, 11, 0.25], "texture": "#0"},
				"up": {"uv": [8.25, 6.25, 5.5, 6], "texture": "#0"},
				"down": {"uv": [2.75, 6.25, 0, 6.5], "texture": "#0"}
			}
		},
		{
			"from": [-2, 23, 2],
			"to": [9, 24, 3],
			"faces": {
				"north": {"uv": [2.75, 6.25, 5.5, 6.5], "texture": "#0"},
				"east": {"uv": [0.25, 10.75, 0.5, 11], "texture": "#0"},
				"south": {"uv": [5.5, 6.25, 8.25, 6.5], "texture": "#0"},
				"west": {"uv": [10.75, 0.25, 11, 0.5], "texture": "#0"},
				"up": {"uv": [2.75, 6.75, 0, 6.5], "texture": "#0"},
				"down": {"uv": [5.5, 6.5, 2.75, 6.75], "texture": "#0"}
			}
		},
		{
			"from": [-3, 24, 2],
			"to": [8, 25, 3],
			"faces": {
				"north": {"uv": [5.5, 6.5, 8.25, 6.75], "texture": "#0"},
				"east": {"uv": [0.5, 10.75, 0.75, 11], "texture": "#0"},
				"south": {"uv": [0, 6.75, 2.75, 7], "texture": "#0"},
				"west": {"uv": [10.75, 0.5, 11, 0.75], "texture": "#0"},
				"up": {"uv": [5.5, 7, 2.75, 6.75], "texture": "#0"},
				"down": {"uv": [8.25, 6.75, 5.5, 7], "texture": "#0"}
			}
		},
		{
			"from": [-4, 25, 2],
			"to": [7, 26, 3],
			"faces": {
				"north": {"uv": [0, 7, 2.75, 7.25], "texture": "#0"},
				"east": {"uv": [0.75, 10.75, 1, 11], "texture": "#0"},
				"south": {"uv": [2.75, 7, 5.5, 7.25], "texture": "#0"},
				"west": {"uv": [10.75, 0.75, 11, 1], "texture": "#0"},
				"up": {"uv": [9.75, 3.25, 7, 3], "texture": "#0"},
				"down": {"uv": [9.75, 3.25, 7, 3.5], "texture": "#0"}
			}
		},
		{
			"from": [-5, 26, 2],
			"to": [7, 27, 3],
			"faces": {
				"north": {"uv": [0, 4, 3, 4.25], "texture": "#0"},
				"east": {"uv": [1, 10.75, 1.25, 11], "texture": "#0"},
				"south": {"uv": [3, 4, 6, 4.25], "texture": "#0"},
				"west": {"uv": [1.25, 10.75, 1.5, 11], "texture": "#0"},
				"up": {"uv": [3, 4.5, 0, 4.25], "texture": "#0"},
				"down": {"uv": [6, 4.25, 3, 4.5], "texture": "#0"}
			}
		},
		{
			"from": [-5, 27, 2],
			"to": [6, 28, 3],
			"faces": {
				"north": {"uv": [7, 3.5, 9.75, 3.75], "texture": "#0"},
				"east": {"uv": [1.5, 10.75, 1.75, 11], "texture": "#0"},
				"south": {"uv": [7, 3.75, 9.75, 4], "texture": "#0"},
				"west": {"uv": [1.75, 10.75, 2, 11], "texture": "#0"},
				"up": {"uv": [8.25, 7.25, 5.5, 7], "texture": "#0"},
				"down": {"uv": [2.75, 7.25, 0, 7.5], "texture": "#0"}
			}
		},
		{
			"from": [-6, 28, 2],
			"to": [5, 29, 3],
			"faces": {
				"north": {"uv": [7.25, 2, 10, 2.25], "texture": "#0"},
				"east": {"uv": [2, 10.75, 2.25, 11], "texture": "#0"},
				"south": {"uv": [7.25, 2.25, 10, 2.5], "texture": "#0"},
				"west": {"uv": [2.25, 10.75, 2.5, 11], "texture": "#0"},
				"up": {"uv": [10, 2.75, 7.25, 2.5], "texture": "#0"},
				"down": {"uv": [5.5, 7.25, 2.75, 7.5], "texture": "#0"}
			}
		},
		{
			"from": [-7, 29, 2],
			"to": [5, 30, 3],
			"faces": {
				"north": {"uv": [0, 4.5, 3, 4.75], "texture": "#0"},
				"east": {"uv": [2.5, 10.75, 2.75, 11], "texture": "#0"},
				"south": {"uv": [4.5, 1, 7.5, 1.25], "texture": "#0"},
				"west": {"uv": [2.75, 10.75, 3, 11], "texture": "#0"},
				"up": {"uv": [7.5, 1.5, 4.5, 1.25], "texture": "#0"},
				"down": {"uv": [7.5, 1.5, 4.5, 1.75], "texture": "#0"}
			}
		},
		{
			"from": [-8, 30, 2],
			"to": [4, 31, 3],
			"faces": {
				"north": {"uv": [4.5, 1.75, 7.5, 2], "texture": "#0"},
				"east": {"uv": [3, 10.75, 3.25, 11], "texture": "#0"},
				"south": {"uv": [3, 4.5, 6, 4.75], "texture": "#0"},
				"west": {"uv": [3.25, 10.75, 3.5, 11], "texture": "#0"},
				"up": {"uv": [3, 5, 0, 4.75], "texture": "#0"},
				"down": {"uv": [7.75, 0, 4.75, 0.25], "texture": "#0"}
			}
		},
		{
			"from": [-9, 31, 2],
			"to": [3, 32, 3],
			"faces": {
				"north": {"uv": [4.75, 0.25, 7.75, 0.5], "texture": "#0"},
				"east": {"uv": [3.5, 10.75, 3.75, 11], "texture": "#0"},
				"south": {"uv": [4.75, 0.5, 7.75, 0.75], "texture": "#0"},
				"west": {"uv": [3.75, 10.75, 4, 11], "texture": "#0"},
				"up": {"uv": [7.75, 1, 4.75, 0.75], "texture": "#0"},
				"down": {"uv": [6, 4.75, 3, 5], "texture": "#0"}
			}
		}
	],
	"gui_light": "front",
	"display": {
		"thirdperson_righthand": {
			"rotation": [112.13, -80.9, -80.13],
			"translation": [-1.5, 6.75, 2.5],
			"scale": [0.2, 0.4, 0.16]
		},
		"thirdperson_lefthand": {
			"rotation": [167.64, -76.13, -5.46],
			"translation": [-1, 6, 2],
			"scale": [0.2, 0.4, 0.16]
		},
		"firstperson_righthand": {
			"rotation": [0, -82.25, -152.5],
			"translation": [-1.25, 3.25, 0.25],
			"scale": [0.3, 0.4, 1]
		},
		"firstperson_lefthand": {
			"rotation": [124.5, -86.25, 0],
			"scale": [0.3, 0.4, 1]
		},
		"ground": {
			"translation": [0, 10, 5.75],
			"scale": [0.2, 0.4, 1]
		},
		"gui": {
			"rotation": [0, 0, -69.25],
			"translation": [-0.75, -0.5, 0],
			"scale": [0.26641, 0.35273, 1]
		},
		"fixed": {
			"translation": [0, 0, 5.75],
			"scale": [0.2, 0.3, 1]
		}
	},
	"groups": [
		{
			"name": "group",
			"origin": [0, 0, 0],
			"color": 0,
			"children": [
				0,
				1,
				2,
				3,
				4,
				5,
				6,
				7,
				8,
				9,
				10,
				11,
				12,
				13,
				14,
				15,
				16,
				17,
				18,
				19,
				20,
				21,
				22,
				23,
				24,
				25,
				26,
				27,
				28,
				29,
				30,
				31,
				32,
				33,
				34,
				35,
				36,
				37,
				38,
				39,
				40,
				41,
				42,
				43,
				44,
				45,
				46,
				47
			]
		}
	]
}