{
	"credit": "Made with Blockbench",
	"texture_size": [128, 128],
	"textures": {
		"0": "item/merafruit",
		"particle": "item/merafruit"
	},
	"elements": [
		{
			"from": [0, 0, 2],
			"to": [16, 16, 2],
			"faces": {
				"north": {"uv": [16, 0, 0, 16], "texture": "#0"},
				"east": {"uv": [0, 0, 0.25, 2], "texture": "#0"},
				"south": {"uv": [0, 0, 16, 16], "texture": "#0"},
				"west": {"uv": [0, 0, 0.25, 2], "texture": "#0"},
				"up": {"uv": [0, 0, 2, 0.25], "texture": "#0"},
				"down": {"uv": [0, 0, 2, 0.25], "texture": "#0"}
			}
		}
	],
	"gui_light": "front",
	"display": {
		"thirdperson_righthand": {
			"translation": [0, 1.75, 5.75]
		},
		"thirdperson_lefthand": {
			"translation": [0, 2, 5.5]
		},
		"firstperson_righthand": {
			"rotation": [-7.81, -72.46, -2.46],
			"translation": [0.75, -1, 0]
		},
		"firstperson_lefthand": {
			"rotation": [0, -70.75, 0],
			"translation": [0.5, 0.25, 0]
		},
		"ground": {
			"translation": [0, 2, 5.75]
		},
		"fixed": {
			"translation": [0, 0, 6]
		}
	}
}