{
	"credit": "Made with Blockbench",
	"texture_size": [128, 128],
	"textures": {
		"0": "item/mokufruit",
		"particle": "item/mokufruit"
	},
	"elements": [
		{
			"from": [0, 0, 5],
			"to": [16, 16, 5],
			"faces": {
				"north": {"uv": [16, 0, 0, 16], "texture": "#0"},
				"east": {"uv": [0, 0, 0.25, 2], "texture": "#0"},
				"south": {"uv": [0, 0, 16, 16], "texture": "#0"},
				"west": {"uv": [0, 0, 0.25, 2], "texture": "#0"},
				"up": {"uv": [0, 0, 2, 0.25], "texture": "#0"},
				"down": {"uv": [0, 0, 2, 0.25], "texture": "#0"}
			}
		}
	],
	"gui_light": "front",
	"display": {
		"thirdperson_righthand": {
			"translation": [0, 1.25, 1],
			"scale": [0.6, 0.6, 0.6]
		},
		"thirdperson_lefthand": {
			"translation": [0, 1, 1.75],
			"scale": [0.6, 0.6, 0.6]
		},
		"firstperson_righthand": {
			"rotation": [0, -81.25, 0]
		},
		"firstperson_lefthand": {
			"rotation": [0, -87.25, 0]
		},
		"ground": {
			"translation": [0, 6.5, 4]
		},
		"fixed": {
			"translation": [0, 0, 3.25]
		}
	}
}