{
	"credit": "Made with Blockbench",
	"texture_size": [126, 128],
	"textures": {
		"0": "item/opefruit",
		"particle": "item/opefruit"
	},
	"elements": [
		{
			"from": [0, 0, 6],
			"to": [16, 16, 6],
			"faces": {
				"north": {"uv": [16, 0, 0, 16], "texture": "#0"},
				"east": {"uv": [0, 0, 0.25397, 2], "texture": "#0"},
				"south": {"uv": [0, 0, 16, 16], "texture": "#0"},
				"west": {"uv": [0, 0, 0.25397, 2], "texture": "#0"},
				"up": {"uv": [0, 0, 2.03175, 0.25], "texture": "#0"},
				"down": {"uv": [0, 0, 2.03175, 0.25], "texture": "#0"}
			}
		}
	],
	"gui_light": "front",
	"display": {
		"thirdperson_righthand": {
			"translation": [0, 2, 1.5]
		},
		"thirdperson_lefthand": {
			"translation": [0, 1.25, 1.5]
		},
		"firstperson_righthand": {
			"rotation": [180, -89.5, 180]
		},
		"firstperson_lefthand": {
			"rotation": [0, -75, 0]
		},
		"ground": {
			"translation": [0, 3, 2.75]
		},
		"fixed": {
			"translation": [0, 0, 1.25]
		}
	}
}