{
	"credit": "Made with Blockbench",
	"texture_size": [32, 32],
	"textures": {
		"0": "item/smoker_sword",
		"particle": "item/smoker_sword"
	},
	"elements": [
		{
			"from": [7.125, 3, 9.125],
			"to": [8.875, 31.5, 10.875],
			"faces": {
				"north": {"uv": [0, 0, 1, 12.5], "texture": "#0"},
				"east": {"uv": [1, 0, 2, 12.5], "texture": "#0"},
				"south": {"uv": [2, 0, 3, 12.5], "texture": "#0"},
				"west": {"uv": [3, 0, 4, 12.5], "texture": "#0"},
				"up": {"uv": [8, 6, 7, 5], "texture": "#0"},
				"down": {"uv": [7, 7, 6, 8], "texture": "#0"}
			}
		},
		{
			"from": [7.25, 3, 9],
			"to": [8.75, 32, 11],
			"faces": {
				"north": {"uv": [0, 0, 1, 12.5], "texture": "#0"},
				"east": {"uv": [1, 0, 2, 12.5], "texture": "#0"},
				"south": {"uv": [2, 0, 3, 12.5], "texture": "#0"},
				"west": {"uv": [3, 0, 4, 12.5], "texture": "#0"},
				"up": {"uv": [8, 6, 7, 5], "texture": "#0"},
				"down": {"uv": [7, 7, 6, 8], "texture": "#0"}
			}
		},
		{
			"from": [7, 3, 9.25],
			"to": [9, 32, 10.75],
			"faces": {
				"north": {"uv": [0, 0, 1, 12.5], "texture": "#0"},
				"east": {"uv": [1, 0, 2, 12.5], "texture": "#0"},
				"south": {"uv": [2, 0, 3, 12.5], "texture": "#0"},
				"west": {"uv": [3, 0, 4, 12.5], "texture": "#0"},
				"up": {"uv": [8, 6, 7, 5], "texture": "#0"},
				"down": {"uv": [7, 7, 6, 8], "texture": "#0"}
			}
		},
		{
			"from": [7, 10, 5.5],
			"to": [9, 18, 6.5],
			"faces": {
				"north": {"uv": [4, 0, 5, 3.5], "texture": "#0"},
				"east": {"uv": [4, 3.5, 5, 7], "texture": "#0"},
				"south": {"uv": [5, 0, 6, 3.5], "texture": "#0"},
				"west": {"uv": [5, 3.5, 6, 7], "texture": "#0"},
				"up": {"uv": [8, 7, 7, 6], "texture": "#0"},
				"down": {"uv": [8, 7, 7, 8], "texture": "#0"}
			}
		},
		{
			"from": [7.25, 10, 5.25],
			"to": [8.75, 17.5, 6.75],
			"faces": {
				"north": {"uv": [4, 0, 5, 3.5], "texture": "#0"},
				"east": {"uv": [4, 3.5, 5, 7], "texture": "#0"},
				"south": {"uv": [5, 0, 6, 3.5], "texture": "#0"},
				"west": {"uv": [5, 3.5, 6, 7], "texture": "#0"},
				"up": {"uv": [8, 7, 7, 6], "texture": "#0"},
				"down": {"uv": [8, 7, 7, 8], "texture": "#0"}
			}
		},
		{
			"from": [7.5, 11, 5],
			"to": [8.5, 18, 7],
			"faces": {
				"north": {"uv": [4, 0, 5, 3.5], "texture": "#0"},
				"east": {"uv": [4, 3.5, 5, 7], "texture": "#0"},
				"south": {"uv": [5, 0, 6, 3.5], "texture": "#0"},
				"west": {"uv": [5, 3.5, 6, 7], "texture": "#0"},
				"up": {"uv": [8, 7, 7, 6], "texture": "#0"},
				"down": {"uv": [8, 7, 7, 8], "texture": "#0"}
			}
		},
		{
			"from": [6.9, 8.7, 8.9],
			"to": [9.1, 11.2, 11.1],
			"faces": {
				"north": {"uv": [7, 2, 8, 3.25], "texture": "#0"},
				"east": {"uv": [7, 3.5, 8, 4.75], "texture": "#0"},
				"south": {"uv": [4, 7, 5, 8.25], "texture": "#0"},
				"west": {"uv": [5, 7, 6, 8.25], "texture": "#0"},
				"up": {"uv": [9, 3, 8, 2], "texture": "#0"},
				"down": {"uv": [9, 3, 8, 4], "texture": "#0"}
			}
		},
		{
			"from": [6.9, 2.7, 8.9],
			"to": [9.1, 4.2, 11.1],
			"faces": {
				"north": {"uv": [7, 8, 8, 8.75], "texture": "#0"},
				"east": {"uv": [8, 7, 9, 7.75], "texture": "#0"},
				"south": {"uv": [8, 8, 9, 8.75], "texture": "#0"},
				"west": {"uv": [8.5, 0, 9.5, 0.75], "texture": "#0"},
				"up": {"uv": [9, 5, 8, 4], "texture": "#0"},
				"down": {"uv": [9, 5, 8, 6], "texture": "#0"}
			}
		},
		{
			"from": [7.5, 9, 5],
			"to": [8.5, 11, 10],
			"faces": {
				"north": {"uv": [6, 8, 7, 9], "texture": "#0"},
				"east": {"uv": [6, 0, 8.5, 1], "texture": "#0"},
				"south": {"uv": [8, 6, 9, 7], "texture": "#0"},
				"west": {"uv": [6, 1, 8.5, 2], "texture": "#0"},
				"up": {"uv": [7, 4.5, 6, 2], "texture": "#0"},
				"down": {"uv": [7, 4.5, 6, 7], "texture": "#0"}
			}
		},
		{
			"from": [7.225, 9.25, 5],
			"to": [8.725, 10.75, 10],
			"faces": {
				"north": {"uv": [6, 8, 7, 9], "texture": "#0"},
				"east": {"uv": [6, 0, 8.5, 1], "texture": "#0"},
				"south": {"uv": [8, 6, 9, 7], "texture": "#0"},
				"west": {"uv": [6, 1, 8.5, 2], "texture": "#0"},
				"up": {"uv": [7, 4.5, 6, 2], "texture": "#0"},
				"down": {"uv": [7, 4.5, 6, 7], "texture": "#0"}
			}
		},
		{
			"from": [7, 9.5, 5],
			"to": [9, 10.5, 10],
			"faces": {
				"north": {"uv": [6, 8, 7, 9], "texture": "#0"},
				"east": {"uv": [6, 0, 8.5, 1], "texture": "#0"},
				"south": {"uv": [8, 6, 9, 7], "texture": "#0"},
				"west": {"uv": [6, 1, 8.5, 2], "texture": "#0"},
				"up": {"uv": [7, 4.5, 6, 2], "texture": "#0"},
				"down": {"uv": [7, 4.5, 6, 7], "texture": "#0"}
			}
		}
	],
	"display": {
		"ground": {
			"rotation": [74, 0, 0],
			"translation": [0, 0, -3],
			"scale": [0.55, 0.55, 0.55]
		},
		"gui": {
			"rotation": [90, 54, -90],
			"translation": [-3.25, -3.25, 0],
			"scale": [0.65, 0.65, 0.65]
		},
		"fixed": {
			"rotation": [-92.38, -50.68, -91.84],
			"translation": [-2.5, -4.25, 0],
			"scale": [0.65, 0.65, 0.65]
		}
	},
	"groups": [
		{
			"name": "group",
			"origin": [8, 8, 8],
			"color": 0,
			"children": [0, 1, 2, 3, 4, 5, 6, 7, 8, 9, 10]
		}
	]
}