{
	"credit": "Made with Blockbench",
	"texture_size": [32, 32],
	"textures": {
		"4": "item/stone_arm",
		"particle": "item/stone_arm_template"
	},
	"elements": [
		{
			"from": [5.9, 3.9, 10],
			"to": [10.1, 8.1, 20.1],
			"faces": {
				"north": {"uv": [3, 9.5, 5, 11.5], "texture": "#4"},
				"east": {"uv": [0, 0, 5, 2], "texture": "#4"},
				"south": {"uv": [9.5, 4, 11.5, 6], "texture": "#4"},
				"west": {"uv": [0, 2, 5, 4], "texture": "#4"},
				"up": {"uv": [2, 9, 0, 4], "texture": "#4"},
				"down": {"uv": [4, 4, 2, 9], "texture": "#4"}
			}
		},
		{
			"from": [5, 3, 7],
			"to": [11, 9, 10],
			"faces": {
				"north": {"uv": [4, 4, 7, 7], "texture": "#4"},
				"east": {"uv": [6.5, 8, 8, 11], "texture": "#4"},
				"south": {"uv": [5, 0, 8, 3], "texture": "#4"},
				"west": {"uv": [8, 8, 9.5, 11], "texture": "#4"},
				"up": {"uv": [3, 10.5, 0, 9], "texture": "#4"},
				"down": {"uv": [12.5, 2.5, 9.5, 4], "texture": "#4"}
			}
		},
		{
			"from": [5.5, 3.5, 12],
			"to": [10.5, 8.5, 15],
			"faces": {
				"north": {"uv": [7, 3, 9.5, 5.5], "texture": "#4"},
				"east": {"uv": [5, 9.5, 6.5, 12], "texture": "#4"},
				"south": {"uv": [4, 7, 6.5, 9.5], "texture": "#4"},
				"west": {"uv": [9.5, 6, 11, 8.5], "texture": "#4"},
				"up": {"uv": [12, 10, 9.5, 8.5], "texture": "#4"},
				"down": {"uv": [12, 10, 9.5, 11.5], "texture": "#4"}
			}
		},
		{
			"from": [5.5, 3.5, 17],
			"to": [10.5, 8.5, 20],
			"faces": {
				"north": {"uv": [7, 5.5, 9.5, 8], "texture": "#4"},
				"east": {"uv": [0, 10.5, 1.5, 13], "texture": "#4"},
				"south": {"uv": [8, 0, 10.5, 2.5], "texture": "#4"},
				"west": {"uv": [10.5, 0, 12, 2.5], "texture": "#4"},
				"up": {"uv": [13.5, 7.5, 11, 6], "texture": "#4"},
				"down": {"uv": [9, 11, 6.5, 12.5], "texture": "#4"}
			}
		}
	],
	"display": {
		"gui": {
			"rotation": [-90, 38, 0],
			"translation": [-2.5, -4, 0]
		},
		"fixed": {
			"rotation": [93, 0, 0],
			"translation": [0, 4.75, 3.25]
		}
	},
	"groups": [
		{
			"name": "group",
			"origin": [8, 8, 8],
			"color": 0,
			"children": [0, 1, 2, 3]
		}
	]
}




