{
	"credit": "Made with Blockbench",
	"textures": {
		"0": "item/vibe",
		"particle": "item/vibe"
	},
	"elements": [
		{
			"from": [5.9, 3.9, 7.5],
			"to": [10.4, 8.4, 12.5],
			"faces": {
				"north": {"uv": [0, 10, 4.5, 14.5], "texture": "#0"},
				"east": {"uv": [0, 0, 6, 4.5], "texture": "#0"},
				"south": {"uv": [11, 0, 15.5, 4.5], "texture": "#0"},
				"west": {"uv": [0, 5, 6, 9.5], "texture": "#0"},
				"up": {"uv": [10.5, 6, 6, 0], "texture": "#0"},
				"down": {"uv": [10.5, 6, 6, 12], "texture": "#0"}
			}
		}
	],
	"display": {
		"thirdperson_lefthand": {
			"translation": [0.25, 0, 0]
		},
		"gui": {
			"rotation": [-90, 0, 0],
			"translation": [0, -1.25, 0]
		},
		"fixed": {
			"rotation": [-90, 0, 0],
			"translation": [-0.25, -1.5, -2.25]
		}
	},
	"groups": [
		{
			"name": "group",
			"origin": [8, 8, 8],
			"color": 0,
			"children": [0]
		}
	]
}