{
	"discharge": {
		"sounds": [
			"discharge"
		]
	},
	"openroom": {
		"sounds": [
			"openroom"
		]
	},
	"closeroom": {
		"sounds": [
			"closeroom"
		]
	},
	"swordcut": {
		"sounds": [
			"swordcut"
		]
	},
	"fastsoru": {
		"sounds": [
			"fastsoru"
		]
	},
	"rockmove": {
		"sounds": [
			"rockmove"
		]
	},
	"heavygravity": {
		"sounds": [
			"heavygravity"
		]
	},
	"magneticfield": {
		"sounds": [
			"magneticfield"
		]
	},
	"flymeteor": {
		"sounds": [
			"flymeteor"
		]
	},
	"shambless": {
		"sounds": [
			"shambless"
		]
	},
	"appear": {
		"sounds": [
			"appear"
		]
	},
	"vanish": {
		"sounds": [
			"vanish"
		]
	},
	"freezing": {
		"sounds": [
			"freezing"
		]
	},
	"icepartisan": {
		"sounds": [
			"icepartisan"
		]
	},
	"icebreathdrake": {
		"sounds": [
			"icebreathdrake"
		]
	},
	"icecrack": {
		"sounds": [
			"icecrack"
		]
	},
	"roar": {
		"sounds": [
			"roar"
		]
	},
	"zoantrasform": {
		"sounds": [
			"zoantrasform"
		]
	},
	"icebreathnamuji": {
		"sounds": [
			"icebreathnamuji"
		]
	},
	"firebreath": {
		"sounds": [
			"firebreath"
		]
	},
	"resort": {
		"sounds": [
			"resort"
		]
	}


}