{
  "parent": "minecraft:item/generated",
  "textures": {
    "layer0": "minecraft:item/pumpkin"
  },
    "overrides": [
        {"predicate": {"custom_model_data": 1},"model": "custom/flying_rock"},
        {"predicate": {"custom_model_data": 2},"model": "custom/GoroBack"},
        {"predicate": {"custom_model_data": 20000},"model": "animations/wings/wings_0"},
        {"predicate": {"custom_model_data": 20001},"model": "animations/wings/wings_1"},
        {"predicate": {"custom_model_data": 20002},"model": "animations/wings/wings_2"},
        {"predicate": {"custom_model_data": 20003},"model": "animations/wings/wings_3"},
        {"predicate": {"custom_model_data": 20004},"model": "animations/wings/wings_4"}

    ]
}
