{
	"credit": "Made with Blockbench",
	"texture_size": [64, 64],
	"textures": {
		"1": "item/white",
		"particle": "item/texture"
	},
	"elements": [
		{
			"from": [8.5, 16, 10],
			"to": [9.5, 27, 27],
			"rotation": {"angle": 22.5, "axis": "y", "origin": [9, 21.5, 10]},
			"faces": {
				"north": {"uv": [0, 0, 0.25, 2.75], "texture": "#1"},
				"east": {"uv": [0, 0, 4.25, 2.75], "texture": "#1"},
				"south": {"uv": [0, 0, 0.25, 2.75], "texture": "#1"},
				"west": {"uv": [0, 0, 4.25, 2.75], "texture": "#1"},
				"up": {"uv": [0, 0, 0.25, 4.25], "rotation": 180, "texture": "#1"},
				"down": {"uv": [0, 0, 0.25, 4.25], "rotation": 180, "texture": "#1"}
			}
		},
		{
			"from": [6.5, 16, 10],
			"to": [7.5, 27, 27],
			"rotation": {"angle": -22.5, "axis": "y", "origin": [7, 21.5, 10]},
			"faces": {
				"north": {"uv": [0, 0, 0.25, 2.75], "texture": "#1"},
				"east": {"uv": [0, 0, 4.25, 2.75], "texture": "#1"},
				"south": {"uv": [0, 0, 0.25, 2.75], "texture": "#1"},
				"west": {"uv": [0, 0, 4.25, 2.75], "texture": "#1"},
				"up": {"uv": [0, 0, 0.25, 4.25], "texture": "#1"},
				"down": {"uv": [0, 0, 0.25, 4.25], "texture": "#1"}
			}
		}
	],
	"display": {
		"head": {
			"translation": [0, -68, 0],
			"scale": [1.5, 1.5, 1.5]
		}
	},
	"groups": [
		{
			"name": "Wings",
			"origin": [9, 21.5, 10],
			"color": 0,
			"nbt": "{}",
			"children": [0, 1]
		}
	]
}